,Medium Income ($),Canopy Area (%),Income Bracket
0,40871.0,5.831224255,25K - 50K ($)
1,43063.0,22.89974504,25K - 50K ($)
2,101510.0,23.93701682333333,100K - 125K ($)
3,28558.0,6.6751507320000005,25K - 50K ($)
4,27669.0,8.276954921,25K - 50K ($)
5,96719.0,4.549510705,75K - 100K ($)
6,22121.0,6.253722364,0 - 25K ($)
7,91705.0,14.17949808,75K - 100K ($)
8,78333.0,21.5643221025,75K - 100K ($)
9,45577.0,10.375680885,25K - 50K ($)
10,40510.0,10.7304327615,25K - 50K ($)
11,31577.0,15.1162753,25K - 50K ($)
12,44079.0,15.132748845,25K - 50K ($)
13,98750.0,22.24811868,75K - 100K ($)
14,126528.0,29.1097114375,125K to 150K ($)
15,69145.0,19.92400742,50K - 75K ($)
16,25804.0,15.17186496,25K - 50K ($)
17,73949.0,25.782606985,50K - 75K ($)
18,96964.0,27.13611435666667,75K - 100K ($)
19,79553.0,29.059003445,75K - 100K ($)
20,41121.0,15.244386116666668,25K - 50K ($)
21,67778.0,21.268651685,50K - 75K ($)
22,46125.0,16.604545596666668,25K - 50K ($)
23,46023.0,16.648591845,25K - 50K ($)
24,48309.0,16.82582971,25K - 50K ($)
25,175313.0,30.56292546,150K + ($)
26,119511.0,32.46603459,100K - 125K ($)
27,75532.0,20.21524303,75K - 100K ($)
28,73077.0,25.24362338,50K - 75K ($)
29,78016.0,27.776073661999998,75K - 100K ($)
30,42986.0,21.039020255,25K - 50K ($)
31,74634.0,31.319216485,50K - 75K ($)
32,47639.0,18.36000955,25K - 50K ($)
33,54655.0,12.274383892000001,50K - 75K ($)
34,98576.0,32.03403308666667,75K - 100K ($)
35,48287.0,13.712781235,25K - 50K ($)
36,63966.0,17.838069805,50K - 75K ($)
37,78019.0,29.23590895,75K - 100K ($)
38,139243.0,29.797234124000003,125K to 150K ($)
39,140875.0,33.60351823,125K to 150K ($)
40,102582.0,30.0083488325,100K - 125K ($)
41,87464.0,31.3829147625,75K - 100K ($)
42,112891.0,29.471988495999998,100K - 125K ($)
43,100347.0,32.13468334666667,100K - 125K ($)
44,73958.0,30.220091865,50K - 75K ($)
45,69519.0,27.62803103333333,50K - 75K ($)
46,52213.0,18.28003139333333,50K - 75K ($)
47,71500.0,17.765361493333334,50K - 75K ($)
48,66625.0,21.96152508333333,50K - 75K ($)
49,39861.0,24.248095745,25K - 50K ($)
50,53988.0,17.904056205,50K - 75K ($)
51,100000.0,23.05683635333333,75K - 100K ($)
52,93226.0,32.39612794,75K - 100K ($)
53,32596.0,19.35330176,25K - 50K ($)
54,80268.0,39.090310526666656,75K - 100K ($)
55,62044.0,34.269583796666666,50K - 75K ($)
56,50724.0,16.072676389999998,50K - 75K ($)
57,68207.0,17.280977263333334,50K - 75K ($)
58,143649.0,25.441120515,125K to 150K ($)
59,39868.0,13.27962095,25K - 50K ($)
60,52894.0,14.752853355,50K - 75K ($)
61,45818.0,10.540741389666666,25K - 50K ($)
62,82180.0,22.16216400666667,75K - 100K ($)
63,38375.0,11.408525120250001,25K - 50K ($)
64,55021.0,16.848826196666668,50K - 75K ($)
65,73097.0,29.21213930666667,50K - 75K ($)
66,101273.0,37.804721093333335,100K - 125K ($)
67,52051.0,23.275162215,50K - 75K ($)
68,61313.0,20.943522646666665,50K - 75K ($)
69,54750.0,18.266198115,50K - 75K ($)
70,36759.0,13.88719763,25K - 50K ($)
71,47250.0,9.092930567,25K - 50K ($)
72,56250.0,22.666380034444447,50K - 75K ($)
73,54167.0,16.154797015,50K - 75K ($)
74,58705.0,18.06263986,50K - 75K ($)
75,99911.0,31.441215915,75K - 100K ($)
76,53611.0,19.039159316666666,50K - 75K ($)
77,31520.0,11.32707483,25K - 50K ($)
78,35447.0,7.4215089679999995,25K - 50K ($)
79,35410.0,9.8342801285,25K - 50K ($)
80,35709.0,17.51720732,25K - 50K ($)
81,75302.0,16.05619373,75K - 100K ($)
82,54375.0,2.699464625,50K - 75K ($)
83,52563.0,24.59550331,50K - 75K ($)
84,20000.0,3.935154841,0 - 25K ($)
85,48125.0,11.395131036333332,25K - 50K ($)
86,44500.0,14.061541766666664,25K - 50K ($)
87,116576.0,44.11779904333334,100K - 125K ($)
88,105500.0,17.705348790000006,100K - 125K ($)
89,46908.0,14.016164266666667,25K - 50K ($)
90,47629.0,9.094674429,25K - 50K ($)
91,29879.0,8.84489422,25K - 50K ($)
92,31467.0,11.467854988,25K - 50K ($)
93,95677.0,21.07914266,75K - 100K ($)
94,97214.0,15.031039545,75K - 100K ($)
95,98102.0,26.337724600000005,75K - 100K ($)
96,92823.0,18.782418952,75K - 100K ($)
97,86190.0,19.879989977500006,75K - 100K ($)
98,65234.0,15.537326503333333,50K - 75K ($)
99,126250.0,32.6421222575,125K to 150K ($)
100,81970.0,31.411498492000003,75K - 100K ($)
101,92578.0,32.079760165,75K - 100K ($)
102,60526.0,14.755431165,50K - 75K ($)
103,102639.0,26.99912326666667,100K - 125K ($)
104,121269.0,38.201812445,100K - 125K ($)
105,120473.0,52.039823762000005,100K - 125K ($)
106,135893.0,32.38106195,125K to 150K ($)
107,35901.0,14.615297486666668,25K - 50K ($)
108,104735.0,16.7581741375,100K - 125K ($)
109,89196.0,26.05507806,75K - 100K ($)
110,70174.0,11.666201626666664,50K - 75K ($)
111,84261.0,20.00845011,75K - 100K ($)
112,65750.0,19.456349428,50K - 75K ($)
113,65568.0,18.02074112,50K - 75K ($)
114,61131.0,14.077892455999999,50K - 75K ($)
115,41897.0,14.93443303,25K - 50K ($)
116,33034.0,13.147422316666667,25K - 50K ($)
117,67536.0,20.490259235,50K - 75K ($)
118,42347.0,19.1764811,25K - 50K ($)
119,47909.0,18.570722590000006,25K - 50K ($)
120,44911.0,13.613194506428574,25K - 50K ($)
121,45184.0,15.1949110425,25K - 50K ($)
122,41410.0,16.981943989999998,25K - 50K ($)
123,46786.0,11.872549157333331,25K - 50K ($)
124,35491.0,18.163863083333336,25K - 50K ($)
125,36350.0,11.929272500000002,25K - 50K ($)
126,58665.0,19.03581661,50K - 75K ($)
127,47545.0,9.0319652425,25K - 50K ($)
128,30148.0,17.30955498,25K - 50K ($)
129,87813.0,18.067084398,75K - 100K ($)
130,61290.0,9.397965607,50K - 75K ($)
131,46936.0,13.39117374,25K - 50K ($)
132,21380.0,7.6640791875,0 - 25K ($)
133,75833.0,13.735175165,75K - 100K ($)
134,84539.0,25.63235264,75K - 100K ($)
135,71400.0,15.882969565,50K - 75K ($)
136,31212.0,14.45357287,25K - 50K ($)
137,43134.0,14.159674374000002,25K - 50K ($)
138,51768.0,13.615022915,50K - 75K ($)
139,34570.0,12.84873432,25K - 50K ($)
140,37535.0,14.69226792,25K - 50K ($)
141,40391.0,14.06943302,25K - 50K ($)
142,42838.0,12.234868156666666,25K - 50K ($)
143,38952.0,11.553127558,25K - 50K ($)
144,34659.0,13.344205091,25K - 50K ($)
145,27309.0,10.887565934333331,25K - 50K ($)
146,35577.0,8.345531321666666,25K - 50K ($)
147,30640.0,9.376050756,25K - 50K ($)
148,56442.0,15.843017292000006,50K - 75K ($)
149,60993.0,13.57903952,50K - 75K ($)
150,30703.0,12.884108825,25K - 50K ($)
151,36038.0,13.600203685,25K - 50K ($)
152,36209.0,17.241760114999998,25K - 50K ($)
153,34792.0,10.716500359375,25K - 50K ($)
154,68750.0,19.45651845275,50K - 75K ($)
155,36835.0,12.720148745,25K - 50K ($)
156,103854.0,30.64849791,100K - 125K ($)
157,59250.0,8.342247411499999,50K - 75K ($)
158,124602.0,31.0109618625,100K - 125K ($)
159,87014.0,30.01234178,75K - 100K ($)
160,48150.0,18.688172746666666,25K - 50K ($)
161,40486.0,11.653610222249998,25K - 50K ($)
162,80417.0,19.831719621666664,75K - 100K ($)
163,55536.0,20.565162816666668,50K - 75K ($)
164,47306.0,15.5596362825,25K - 50K ($)
165,50278.0,19.959996305,50K - 75K ($)
166,45583.0,13.413214606666667,25K - 50K ($)
167,111836.0,33.14785371,100K - 125K ($)
168,67014.0,16.470279178,50K - 75K ($)
169,63839.0,14.631967319999998,50K - 75K ($)
170,71136.0,17.098282955000002,50K - 75K ($)
171,56162.0,18.0643309475,50K - 75K ($)
172,37286.0,10.79756499,25K - 50K ($)
173,44534.0,10.917778939000002,25K - 50K ($)
174,37059.0,8.980534653,25K - 50K ($)
175,35600.0,12.9531538,25K - 50K ($)
176,46957.0,10.615391155,25K - 50K ($)
177,39194.0,11.804885394000001,25K - 50K ($)
178,41351.0,14.805198285,25K - 50K ($)
179,40587.0,12.96421793,25K - 50K ($)
180,37792.0,10.059084191666667,25K - 50K ($)
181,47005.0,9.0705019595,25K - 50K ($)
182,50625.0,15.223792756000002,50K - 75K ($)
183,45392.0,15.2689544275,25K - 50K ($)
184,58399.0,19.900871645,50K - 75K ($)
185,50182.0,13.773225576666668,50K - 75K ($)
186,43225.0,13.765365743333335,25K - 50K ($)
187,37625.0,13.423403665,25K - 50K ($)
188,42247.0,12.926799955,25K - 50K ($)
189,37774.0,9.963028704749998,25K - 50K ($)
190,41511.0,10.4061033986,25K - 50K ($)
191,43750.0,10.229375521285716,25K - 50K ($)
192,98295.0,27.402943216,75K - 100K ($)
193,46096.0,14.813504558,25K - 50K ($)
194,67577.0,24.11917166333333,50K - 75K ($)
195,90750.0,21.841718575,75K - 100K ($)
196,105987.0,21.620754563333332,100K - 125K ($)
197,78300.0,23.092219780000004,75K - 100K ($)
198,87286.0,21.59396261333333,75K - 100K ($)
199,83188.0,27.22593924,75K - 100K ($)
200,74312.0,20.742338224,50K - 75K ($)
201,89923.0,24.666272688000003,75K - 100K ($)
202,43560.0,10.464072721,25K - 50K ($)
203,66000.0,15.46707721,50K - 75K ($)
204,37604.0,11.6308720668,25K - 50K ($)
205,33384.0,12.005298455,25K - 50K ($)
206,25742.0,17.751049746666666,25K - 50K ($)
207,58889.0,9.991338557999999,50K - 75K ($)
208,42224.0,10.168769716,25K - 50K ($)
209,25590.0,8.335043942999999,25K - 50K ($)
210,81655.0,9.850573163666668,75K - 100K ($)
211,91771.0,6.086343802999999,75K - 100K ($)
212,68333.0,9.471197766,50K - 75K ($)
213,73587.0,12.671308479333335,50K - 75K ($)
214,116875.0,18.738670165,100K - 125K ($)
215,142688.0,20.729103312,125K to 150K ($)
216,156080.0,30.972850065000006,150K + ($)
217,77821.0,27.10213063,75K - 100K ($)
218,33466.0,16.195448165000002,25K - 50K ($)
219,119410.0,35.90472846,100K - 125K ($)
220,85125.0,34.28685180333333,75K - 100K ($)
221,122500.0,41.644577335,100K - 125K ($)
222,53542.0,30.71965197,50K - 75K ($)
223,26933.0,9.7003786975,25K - 50K ($)
224,65761.0,22.203011275,50K - 75K ($)
225,45441.0,14.92548253,25K - 50K ($)
226,95845.0,19.57128177,75K - 100K ($)
227,61500.0,20.86038331,50K - 75K ($)
228,17086.0,11.12272062266667,0 - 25K ($)
229,37479.0,12.475279506,25K - 50K ($)
230,68725.0,11.382437325,50K - 75K ($)
231,83500.0,16.923042342000002,75K - 100K ($)
232,91790.0,11.2447346,75K - 100K ($)
233,74550.0,12.09193877,50K - 75K ($)
234,33281.0,10.617981454,25K - 50K ($)
235,39831.0,14.576105703333333,25K - 50K ($)
236,44637.0,9.740192442666666,25K - 50K ($)
237,140179.0,15.87521245,125K to 150K ($)
238,66076.0,11.45303122,50K - 75K ($)
239,29972.0,10.387811661499999,25K - 50K ($)
240,20169.0,3.9507034805,0 - 25K ($)
241,23705.0,16.618833665,0 - 25K ($)
242,106667.0,32.28508785,100K - 125K ($)
243,102892.0,16.133720576666665,100K - 125K ($)
244,41172.0,14.09363692,25K - 50K ($)
245,42863.0,10.475280758666669,25K - 50K ($)
246,57109.0,20.572092183333336,50K - 75K ($)
247,35236.0,10.296051328999999,25K - 50K ($)
248,52063.0,12.31706862,50K - 75K ($)
249,206932.0,46.44723406,150K + ($)
250,111029.0,20.841221855,100K - 125K ($)
251,70723.0,23.407649348000003,50K - 75K ($)
252,89184.0,30.706519155,75K - 100K ($)
253,60656.0,25.35453733,50K - 75K ($)
254,39297.0,20.16303455,25K - 50K ($)
255,41905.0,13.397527297,25K - 50K ($)
256,85546.0,21.1179399575,75K - 100K ($)
257,153940.0,25.46453262,150K + ($)
258,25258.0,8.745034376500001,25K - 50K ($)
259,40259.0,15.464705665,25K - 50K ($)
260,24732.0,8.348931175,0 - 25K ($)
261,54420.0,11.862823213333336,50K - 75K ($)
262,87991.0,14.742375415,75K - 100K ($)
263,62468.0,19.344692097800003,50K - 75K ($)
264,80046.0,24.237043675,75K - 100K ($)
265,54000.0,15.772209135,50K - 75K ($)
266,82795.0,14.952660645,75K - 100K ($)
267,82586.0,24.13019472,75K - 100K ($)
268,57847.0,6.243665965666668,50K - 75K ($)
269,87303.0,7.557062455,75K - 100K ($)
270,113451.0,8.578643976,100K - 125K ($)
271,79250.0,15.6296367392,75K - 100K ($)
272,77500.0,15.559508722222226,75K - 100K ($)
273,54895.0,14.291207213333333,50K - 75K ($)
274,49957.0,15.076631200000001,25K - 50K ($)
275,77143.0,6.604275737999999,75K - 100K ($)
276,109674.0,10.71351827,100K - 125K ($)
277,110041.0,19.54598872,100K - 125K ($)
278,92083.0,20.779082295,75K - 100K ($)
279,143491.0,19.33777083,125K to 150K ($)
280,117500.0,24.69698689833333,100K - 125K ($)
281,52286.0,3.599360097,50K - 75K ($)
282,24091.0,17.01695297,0 - 25K ($)
283,27727.0,11.160241372666666,25K - 50K ($)
284,41845.0,12.708361318333333,25K - 50K ($)
285,53104.0,15.613638887500002,50K - 75K ($)
286,125469.0,17.869292126666668,125K to 150K ($)
287,135132.0,26.70270595,125K to 150K ($)
288,45513.0,17.0206675095,25K - 50K ($)
289,59267.0,5.5056757085,50K - 75K ($)
290,94441.0,14.788368645,75K - 100K ($)
291,89484.0,10.22363471,75K - 100K ($)
292,77476.0,5.2350001625,75K - 100K ($)
293,100398.0,20.874207325,100K - 125K ($)
294,102361.0,19.294980766666665,100K - 125K ($)
295,98139.0,23.177827005,75K - 100K ($)
296,83200.0,24.87029728333333,75K - 100K ($)
297,35547.0,12.127074785,25K - 50K ($)
298,96667.0,22.35074832,75K - 100K ($)
299,94922.0,18.763719926666667,75K - 100K ($)
300,93125.0,24.3311857925,75K - 100K ($)
301,43073.0,20.109355035,25K - 50K ($)
302,78225.0,27.9211542925,75K - 100K ($)
303,180625.0,38.09522318,150K + ($)
304,58227.0,12.59043224,50K - 75K ($)
305,39849.0,15.05008446,25K - 50K ($)
306,47596.0,11.538694526333332,25K - 50K ($)
307,83917.0,15.101174345,75K - 100K ($)
308,60218.0,12.287103745333333,50K - 75K ($)
309,81556.0,24.4870707375,75K - 100K ($)
310,71083.0,28.100674096666665,50K - 75K ($)
311,61742.0,29.057572686000004,50K - 75K ($)
312,38787.0,12.21654645,25K - 50K ($)
313,66522.0,19.465062166666666,50K - 75K ($)
314,90396.0,14.36508921,75K - 100K ($)
315,55884.0,0.892639031,50K - 75K ($)
316,37321.0,11.628902313333333,25K - 50K ($)
317,31095.0,14.260959355,25K - 50K ($)
318,83611.0,19.49954077,75K - 100K ($)
319,50000.0,12.930041309000002,25K - 50K ($)
320,64329.0,19.032823125,50K - 75K ($)
321,34222.0,10.67217817,25K - 50K ($)
322,58718.0,18.657644386666668,50K - 75K ($)
323,20044.0,12.17325577,0 - 25K ($)
324,68191.0,25.33611360833333,50K - 75K ($)
325,53116.0,15.39343507,50K - 75K ($)
326,114643.0,36.767116755,100K - 125K ($)
327,56686.0,23.783503842,50K - 75K ($)
328,49188.0,17.734807213333333,25K - 50K ($)
329,21522.0,14.129220523333332,0 - 25K ($)
330,61250.0,14.83093889,50K - 75K ($)
331,102250.0,18.263231753333333,100K - 125K ($)
332,44718.0,19.626504785,25K - 50K ($)
333,34325.0,13.19323212,25K - 50K ($)
334,46296.0,9.447884534,25K - 50K ($)
335,124663.0,34.21278103,100K - 125K ($)
336,107738.0,20.45406909,100K - 125K ($)
337,120347.0,29.446941790000004,100K - 125K ($)
338,39844.0,12.986260186666668,25K - 50K ($)
339,83167.0,33.11021418,75K - 100K ($)
340,40230.0,4.493190572333334,25K - 50K ($)
341,179519.0,43.527849073999995,150K + ($)
342,35673.0,9.56446289,25K - 50K ($)
343,57857.0,54.29136092,50K - 75K ($)
344,46270.0,17.406289547500002,25K - 50K ($)
345,84212.0,14.621678114999998,75K - 100K ($)
346,132500.0,21.7516954925,125K to 150K ($)
347,81719.0,21.03213115,75K - 100K ($)
348,39565.0,6.0603707920000005,25K - 50K ($)
349,90987.0,22.581961125,75K - 100K ($)
350,38750.0,12.91929416,25K - 50K ($)
351,73102.0,16.5019880925,50K - 75K ($)
352,46349.0,16.071268989999997,25K - 50K ($)
353,53403.0,13.265954476,50K - 75K ($)
354,161200.0,22.9105307675,150K + ($)
355,63333.0,14.323381465,50K - 75K ($)
356,92045.0,25.49807803,75K - 100K ($)
357,80975.0,23.024470825,75K - 100K ($)
358,117750.0,44.73859247,100K - 125K ($)
359,186750.0,50.33380889,150K + ($)
360,83827.0,26.00275115333333,75K - 100K ($)
361,72019.0,11.0745431965,50K - 75K ($)
362,41375.0,18.150144836666666,25K - 50K ($)
363,64487.0,11.0225581345,50K - 75K ($)
364,77037.0,22.024023005,75K - 100K ($)
365,78355.0,14.8723864,75K - 100K ($)
366,86200.0,17.369308266666668,75K - 100K ($)
367,57328.0,27.2574874875,50K - 75K ($)
368,205170.0,48.801083845,150K + ($)
369,84932.0,15.098416529000001,75K - 100K ($)
370,156298.0,25.449856965,150K + ($)
371,77467.0,18.091689445,75K - 100K ($)
372,32088.0,15.289525753333335,25K - 50K ($)
373,50781.0,18.321839665,50K - 75K ($)
374,16234.0,9.280021460333332,0 - 25K ($)
375,64631.0,24.959706646666664,50K - 75K ($)
376,81076.0,33.13728882,75K - 100K ($)
377,72734.0,20.28466837,50K - 75K ($)
378,71979.0,19.424120142000003,50K - 75K ($)
379,76917.0,29.325508084000003,75K - 100K ($)
380,83542.0,25.35329041,75K - 100K ($)
381,39693.0,17.82245063,25K - 50K ($)
382,100740.0,17.241040143333333,100K - 125K ($)
383,63664.0,20.827212326666668,50K - 75K ($)
384,54351.0,19.558462865,50K - 75K ($)
385,103235.0,29.50522553,100K - 125K ($)
386,51250.0,13.58082028,50K - 75K ($)
387,57664.0,14.864909910000002,50K - 75K ($)
388,61745.0,15.849449363333333,50K - 75K ($)
389,39219.0,19.06302029333333,25K - 50K ($)
390,111250.0,32.84707109666667,100K - 125K ($)
391,45893.0,0.31857055,25K - 50K ($)
392,91875.0,14.975194133333332,75K - 100K ($)
393,96150.0,18.34435629,75K - 100K ($)
394,76029.0,17.75295095,75K - 100K ($)
395,71815.0,15.26128786,50K - 75K ($)
396,77176.0,25.544213935,75K - 100K ($)
397,33878.0,16.633513316666665,25K - 50K ($)
398,70839.0,21.157204315,50K - 75K ($)
399,77375.0,16.191188,75K - 100K ($)
400,80556.0,21.981617683333337,75K - 100K ($)
401,69178.0,15.224260446666667,50K - 75K ($)
402,72188.0,16.426593529999998,50K - 75K ($)
403,59200.0,18.0615921175,50K - 75K ($)
404,47169.0,18.3494559475,25K - 50K ($)
405,68828.0,19.391098955,50K - 75K ($)
406,59000.0,12.885947589666664,50K - 75K ($)
407,57750.0,19.41569975,50K - 75K ($)
408,86635.0,20.77632386,75K - 100K ($)
409,71250.0,16.889680509166666,50K - 75K ($)
410,100607.0,23.23950923,100K - 125K ($)
411,41250.0,18.642893668333333,25K - 50K ($)
412,103988.0,26.611230452500006,100K - 125K ($)
413,40697.0,12.778843016666665,25K - 50K ($)
414,55274.0,15.129940729500001,50K - 75K ($)
415,107719.0,24.995840778,100K - 125K ($)
416,57464.0,11.45156815,50K - 75K ($)
417,55469.0,12.819980699999999,50K - 75K ($)
418,46627.0,8.760017605,25K - 50K ($)
419,62167.0,15.33951309,50K - 75K ($)
420,84643.0,22.654085415,75K - 100K ($)
421,53814.0,21.432044225,50K - 75K ($)
422,59231.0,18.93818271,50K - 75K ($)
423,96296.0,27.848935575,75K - 100K ($)
424,87232.0,29.201911300000006,75K - 100K ($)
425,73919.0,17.944914803333337,50K - 75K ($)
426,78468.0,12.104389306333331,75K - 100K ($)
427,66829.0,15.225780603333332,50K - 75K ($)
428,57393.0,14.809207996749999,50K - 75K ($)
429,68662.0,24.45980113,50K - 75K ($)
430,44063.0,7.657445055499999,25K - 50K ($)
431,59554.0,13.8685144605,50K - 75K ($)
432,50644.0,12.965168354999998,50K - 75K ($)
433,69375.0,27.091218055,50K - 75K ($)
434,53229.0,11.92542729,50K - 75K ($)
435,55219.0,17.975559445,50K - 75K ($)
436,55556.0,8.853074084,50K - 75K ($)
437,90000.0,13.204749255,75K - 100K ($)
438,59583.0,13.86025181,50K - 75K ($)
439,113750.0,28.210282535,100K - 125K ($)
440,70040.0,18.776418134,50K - 75K ($)
441,47417.0,17.542922887499998,25K - 50K ($)
442,67639.0,21.080234596666667,50K - 75K ($)
443,115966.0,34.330708055,100K - 125K ($)
444,43333.0,12.684293296333331,25K - 50K ($)
445,32301.0,7.88264084,25K - 50K ($)
446,51786.0,12.3141198805,50K - 75K ($)
447,97083.0,19.929199276666672,75K - 100K ($)
448,126532.0,26.624922165,125K to 150K ($)
449,94306.0,29.92514291,75K - 100K ($)
450,124318.0,38.877937208,100K - 125K ($)
451,107078.0,10.9084394155,100K - 125K ($)
452,93934.0,27.10835943666667,75K - 100K ($)
453,101085.0,16.949135246666668,100K - 125K ($)
454,91650.0,28.658537346666666,75K - 100K ($)
455,88819.0,19.770410899999998,75K - 100K ($)
456,90662.0,30.23710313,75K - 100K ($)
457,62759.0,25.3345714,50K - 75K ($)
458,83869.0,30.2040190825,75K - 100K ($)
459,78218.0,27.08064738666667,75K - 100K ($)
460,70000.0,13.266435175333333,50K - 75K ($)
461,63958.0,13.660148105,50K - 75K ($)
462,41264.0,15.460881765,25K - 50K ($)
463,53596.0,12.280338068333334,50K - 75K ($)
464,61150.0,16.263028915,50K - 75K ($)
465,74398.0,16.83264888,50K - 75K ($)
466,123750.0,21.52309411333333,100K - 125K ($)
467,71375.0,15.72790061,50K - 75K ($)
468,63139.0,8.704566384,50K - 75K ($)
469,61098.0,16.69927973,50K - 75K ($)
470,67844.0,15.06062959,50K - 75K ($)
471,53264.0,18.02395651,50K - 75K ($)
472,103119.0,25.67763700333333,100K - 125K ($)
473,74327.0,18.140919555,50K - 75K ($)
474,81875.0,14.550480100000001,75K - 100K ($)
475,82790.0,38.9459936225,75K - 100K ($)
476,78600.0,12.8316319094,75K - 100K ($)
477,116974.0,17.8144842,100K - 125K ($)
478,74491.0,23.99126201,50K - 75K ($)
479,57966.0,11.62836451,50K - 75K ($)
480,46964.0,12.858550833333332,25K - 50K ($)
481,76638.0,32.846644565999995,75K - 100K ($)
482,81439.0,29.661339958000003,75K - 100K ($)
483,57375.0,27.637198077499995,50K - 75K ($)
484,73125.0,36.43983385,50K - 75K ($)
485,110417.0,25.706840035,100K - 125K ($)
486,142171.0,26.2962831625,125K to 150K ($)
487,123622.0,31.74456744,100K - 125K ($)
488,70893.0,15.375400281666666,50K - 75K ($)
489,41509.0,13.01034961,25K - 50K ($)
490,55956.0,12.139349473333333,50K - 75K ($)
491,85913.0,20.82740579,75K - 100K ($)
492,50642.0,11.403144463666669,50K - 75K ($)
493,90795.0,22.104635425,75K - 100K ($)
494,74375.0,16.027611051428572,50K - 75K ($)
495,77339.0,29.90845971,75K - 100K ($)
496,36799.0,11.454752395,25K - 50K ($)
497,98182.0,25.22254905,75K - 100K ($)
498,36059.0,9.494428973,25K - 50K ($)
499,77969.0,15.8720456625,75K - 100K ($)
500,77316.0,17.853173705,75K - 100K ($)
501,68636.0,18.851285103333336,50K - 75K ($)
502,94063.0,19.758682235,75K - 100K ($)
503,88021.0,25.44472509,75K - 100K ($)
504,139583.0,23.90670709,125K to 150K ($)
505,78900.0,22.419815186666664,75K - 100K ($)
506,47188.0,10.168258121333333,25K - 50K ($)
507,41094.0,11.1849356885,25K - 50K ($)
508,48438.0,10.653434250666663,25K - 50K ($)
509,120855.0,39.5243945675,100K - 125K ($)
510,55343.0,14.71976071,50K - 75K ($)
511,49673.0,16.027778965,25K - 50K ($)
512,131512.0,33.3143102425,125K to 150K ($)
513,86528.0,30.503620984,75K - 100K ($)
514,59464.0,40.87603553333333,50K - 75K ($)
515,59375.0,30.5004013775,50K - 75K ($)
516,66094.0,13.03186286,50K - 75K ($)
517,54740.0,10.459759780499999,50K - 75K ($)
518,34915.0,9.633756904,25K - 50K ($)
519,52188.0,10.318391262999999,50K - 75K ($)
520,66709.0,21.40294792,50K - 75K ($)
521,41125.0,6.234158633333332,25K - 50K ($)
522,56639.0,15.87761513175,50K - 75K ($)
523,61321.0,11.61333068,50K - 75K ($)
524,44464.0,13.093713065,25K - 50K ($)
525,49318.0,9.971294632000001,25K - 50K ($)
526,79855.0,10.362297,75K - 100K ($)
527,126705.0,32.54019362,125K to 150K ($)
528,110456.0,20.328507845,100K - 125K ($)
529,88343.0,16.569257234000002,75K - 100K ($)
530,84400.0,16.62627052,75K - 100K ($)
531,72778.0,19.24979209,50K - 75K ($)
532,67268.0,17.085316996666666,50K - 75K ($)
533,58007.0,20.657297635,50K - 75K ($)
534,77679.0,20.2270672375,75K - 100K ($)
535,97743.0,33.169179325,75K - 100K ($)
536,40941.0,10.777808537666663,25K - 50K ($)
537,67065.0,24.88172457,50K - 75K ($)
538,43567.0,14.164539915,25K - 50K ($)
539,36739.0,9.2867379995,25K - 50K ($)
540,38983.0,10.168524209,25K - 50K ($)
541,30875.0,12.60945678,25K - 50K ($)
542,83068.0,22.07743152,75K - 100K ($)
543,40970.0,19.71163764,25K - 50K ($)
544,93036.0,38.501320532,75K - 100K ($)
545,88482.0,34.5953957775,75K - 100K ($)
546,81486.0,30.9255064825,75K - 100K ($)
547,59865.0,16.22740573,50K - 75K ($)
548,83606.0,18.92659809233333,75K - 100K ($)
549,86031.0,18.38764459,75K - 100K ($)
550,136860.0,16.414815835,125K to 150K ($)
551,62414.0,13.135117203333332,50K - 75K ($)
552,74688.0,12.606553135,50K - 75K ($)
553,36569.0,16.883529523333333,25K - 50K ($)
554,78297.0,20.90213128,75K - 100K ($)
555,46314.0,9.547826222000001,25K - 50K ($)
556,79554.0,12.638199968666667,75K - 100K ($)
557,47244.0,12.221670166,25K - 50K ($)
558,91164.0,16.053880276666664,75K - 100K ($)
559,45104.0,18.759709225,25K - 50K ($)
560,109241.0,16.804815138000002,100K - 125K ($)
561,69340.0,17.21359779,50K - 75K ($)
562,68833.0,17.58325302333333,50K - 75K ($)
563,41953.0,12.899744993333336,25K - 50K ($)
564,78289.0,19.298355153333333,75K - 100K ($)
565,83083.0,11.716002036666666,75K - 100K ($)
566,68571.0,8.04932043,50K - 75K ($)
567,61432.0,12.850157623333333,50K - 75K ($)
568,59241.0,15.520762124,50K - 75K ($)
569,70650.0,15.981790382499998,50K - 75K ($)
570,86250.0,27.4502242525,75K - 100K ($)
571,81667.0,38.31674449,75K - 100K ($)
572,92340.0,24.509804541999998,75K - 100K ($)
573,37365.0,19.78920444,25K - 50K ($)
574,80200.0,17.56995829,75K - 100K ($)
575,44211.0,21.167717226666667,25K - 50K ($)
576,74440.0,18.771373036666667,50K - 75K ($)
577,90592.0,16.20147644,75K - 100K ($)
578,24063.0,9.601371925666669,0 - 25K ($)
579,70694.0,14.907246888,50K - 75K ($)
580,25893.0,8.82472566,25K - 50K ($)
581,73828.0,18.59331028333333,50K - 75K ($)
582,27092.0,14.944297555,25K - 50K ($)
583,103250.0,25.342536615,100K - 125K ($)
584,23491.0,14.324866475,0 - 25K ($)
585,96591.0,26.586769856,75K - 100K ($)
586,30530.0,10.286640784400001,25K - 50K ($)
587,66481.0,20.6395639425,50K - 75K ($)
588,40511.0,10.29497334525,25K - 50K ($)
589,40777.0,22.49675241,25K - 50K ($)
590,28403.0,11.42077964,25K - 50K ($)
591,146250.0,36.75874411666667,125K to 150K ($)
592,61212.0,15.6668435,50K - 75K ($)
593,71149.0,14.215705019666665,50K - 75K ($)
594,39345.0,12.730594112,25K - 50K ($)
595,24875.0,8.6172055465,0 - 25K ($)
596,35278.0,8.792575391666666,25K - 50K ($)
597,64844.0,11.277587676333333,50K - 75K ($)
598,33661.0,13.26761894,25K - 50K ($)
599,34719.0,11.790510463333336,25K - 50K ($)
600,31716.0,8.572319691666666,25K - 50K ($)
601,37692.0,14.199694500000001,25K - 50K ($)
602,29708.0,13.522971533333333,25K - 50K ($)
603,33750.0,11.506204004428573,25K - 50K ($)
604,32938.0,12.2545019,25K - 50K ($)
605,64961.0,25.42047644666667,50K - 75K ($)
606,70795.0,11.372924959,50K - 75K ($)
607,37778.0,15.534842755,25K - 50K ($)
608,24387.0,13.990739283333335,0 - 25K ($)
609,66250.0,28.83400492833333,50K - 75K ($)
610,79514.0,15.92541277,75K - 100K ($)
611,121833.0,14.52701304,100K - 125K ($)
612,92788.0,21.72101692333333,75K - 100K ($)
613,73875.0,19.5255388,50K - 75K ($)
614,76157.0,22.2761518675,75K - 100K ($)
615,32052.0,12.832746475,25K - 50K ($)
616,26563.0,11.37709719,25K - 50K ($)
617,60592.0,20.522017836,50K - 75K ($)
618,54972.0,34.62804963,50K - 75K ($)
619,60625.0,18.549485259,50K - 75K ($)
620,82500.0,39.153298235,75K - 100K ($)
621,101652.0,17.179145705,100K - 125K ($)
622,81477.0,23.84207257,75K - 100K ($)
623,32650.0,14.923339493333335,25K - 50K ($)
624,41359.0,10.232475093,25K - 50K ($)
625,156042.0,47.31650762999999,150K + ($)
626,29458.0,11.307599266666665,25K - 50K ($)
627,71480.0,24.7889349525,50K - 75K ($)
628,126116.0,13.698585140000002,125K to 150K ($)
629,48226.0,7.142357171,25K - 50K ($)
630,57024.0,12.006812944166667,50K - 75K ($)
631,34452.0,8.769668825,25K - 50K ($)
632,116613.0,24.466188917000004,100K - 125K ($)
633,50755.0,10.545767358666668,50K - 75K ($)
634,63344.0,16.007996610000006,50K - 75K ($)
635,50968.0,16.98148669,50K - 75K ($)
636,109107.0,20.349382092,100K - 125K ($)
637,70396.0,8.8900317995,50K - 75K ($)
638,87422.0,20.895294985,75K - 100K ($)
639,68413.0,14.71361681,50K - 75K ($)
640,46972.0,17.3630383025,25K - 50K ($)
641,38014.0,18.67941169,25K - 50K ($)
642,70147.0,21.74953422,50K - 75K ($)
643,46250.0,16.2604510408,25K - 50K ($)
644,81129.0,26.0434447525,75K - 100K ($)
645,42438.0,25.829765388000002,25K - 50K ($)
646,58947.0,10.076119297833335,50K - 75K ($)
647,34734.0,12.9695422655,25K - 50K ($)
648,41719.0,9.407548242999999,25K - 50K ($)
649,52667.0,9.594698306,50K - 75K ($)
650,38981.0,14.404940900000001,25K - 50K ($)
651,53367.0,25.110576465999998,50K - 75K ($)
652,41161.0,14.853834806666667,25K - 50K ($)
653,85792.0,21.53807720333333,75K - 100K ($)
654,32868.0,10.77150025,25K - 50K ($)
655,64453.0,17.971821065,50K - 75K ($)
656,84081.0,21.11350411,75K - 100K ($)
657,77936.0,30.02265904,75K - 100K ($)
658,64577.0,22.04182923666666,50K - 75K ($)
659,108423.0,17.431106405,100K - 125K ($)
660,77677.0,17.868381460000005,75K - 100K ($)
661,81891.0,23.14418589333333,75K - 100K ($)
662,57570.0,13.397150336666668,50K - 75K ($)
663,64063.0,12.00626409475,50K - 75K ($)
664,40855.0,11.611801448,25K - 50K ($)
665,56574.0,15.173919283333333,50K - 75K ($)
666,56875.0,20.4651250425,50K - 75K ($)
667,58049.0,17.556075534999998,50K - 75K ($)
668,53173.0,22.837411515,50K - 75K ($)
669,27917.0,15.714657973333333,25K - 50K ($)
670,68250.0,17.690539986666664,50K - 75K ($)
671,63039.0,28.768962440000006,50K - 75K ($)
672,57833.0,28.16007738,50K - 75K ($)
673,62679.0,12.403032413333333,50K - 75K ($)
674,72593.0,19.971210183333334,50K - 75K ($)
675,102159.0,27.91181911,100K - 125K ($)
676,135099.0,25.571199336666666,125K to 150K ($)
677,56691.0,24.62606532,50K - 75K ($)
678,80000.0,24.923014895,75K - 100K ($)
679,94504.0,26.26112751,75K - 100K ($)
680,20464.0,10.296515248333334,0 - 25K ($)
681,35337.0,6.078814676,25K - 50K ($)
682,37017.0,5.250738332000001,25K - 50K ($)
683,73650.0,17.70000575,50K - 75K ($)
684,35526.0,19.021818865,25K - 50K ($)
685,32500.0,9.686757551666666,25K - 50K ($)
686,53750.0,18.844474973333334,50K - 75K ($)
687,33981.0,17.862996945,25K - 50K ($)
688,78920.0,30.39546473666667,75K - 100K ($)
689,46842.0,11.628038614000001,25K - 50K ($)
690,37570.0,19.319330655,25K - 50K ($)
691,54267.0,21.22224499,50K - 75K ($)
692,40705.0,13.7639604075,25K - 50K ($)
693,48050.0,6.170077767,25K - 50K ($)
694,33705.0,11.258454863333334,25K - 50K ($)
695,37917.0,10.678584444333334,25K - 50K ($)
696,45673.0,11.610100333333332,25K - 50K ($)
697,63810.0,14.497213684333332,50K - 75K ($)
698,70975.0,19.36624717,50K - 75K ($)
699,66081.0,17.997764559999997,50K - 75K ($)
700,44196.0,21.22223511,25K - 50K ($)
701,45491.0,16.96116568,25K - 50K ($)
702,52232.0,13.36357908,50K - 75K ($)
703,44672.0,19.70009634,25K - 50K ($)
704,79537.0,19.676517686666667,75K - 100K ($)
705,73839.0,16.466418175,50K - 75K ($)
706,100083.0,19.806656456666673,100K - 125K ($)
707,82037.0,17.03509193,75K - 100K ($)
708,71750.0,22.38992568,50K - 75K ($)
709,51794.0,17.467511396666666,50K - 75K ($)
710,88954.0,17.7465293825,75K - 100K ($)
711,29328.0,6.255836727,25K - 50K ($)
712,96996.0,21.61404853,75K - 100K ($)
713,45134.0,13.81372673,25K - 50K ($)
714,72467.0,18.178177346666665,50K - 75K ($)
715,73287.0,23.583101395,50K - 75K ($)
716,96875.0,30.97617879666667,75K - 100K ($)
717,70486.0,17.77539738,50K - 75K ($)
718,70213.0,19.38738292,50K - 75K ($)
719,122000.0,25.78049988,100K - 125K ($)
720,82818.0,19.410518295,75K - 100K ($)
721,86086.0,22.07171799,75K - 100K ($)
722,65417.0,24.046098224,50K - 75K ($)
723,140417.0,26.346607986666665,125K to 150K ($)
724,70879.0,15.354772355,50K - 75K ($)
725,50637.0,25.193395965,50K - 75K ($)
726,26364.0,17.225032105,25K - 50K ($)
727,29919.0,14.581556695,25K - 50K ($)
728,65777.0,16.9158938825,50K - 75K ($)
729,62963.0,24.855505375,50K - 75K ($)
730,67847.0,21.9968417225,50K - 75K ($)
731,36575.0,18.044074066666667,25K - 50K ($)
732,84250.0,21.567669269200007,75K - 100K ($)
733,80761.0,19.9151968,75K - 100K ($)
734,55227.0,16.408177836666667,50K - 75K ($)
735,92188.0,19.9336542375,75K - 100K ($)
736,45220.0,23.059027725,25K - 50K ($)
737,50452.0,24.07438192,50K - 75K ($)
738,61750.0,21.9461576925,50K - 75K ($)
739,53707.0,25.14186634,50K - 75K ($)
740,110594.0,24.25913681,100K - 125K ($)
741,73813.0,26.89925341,50K - 75K ($)
742,61953.0,21.0971789425,50K - 75K ($)
743,71681.0,16.067854906666668,50K - 75K ($)
744,70313.0,13.769736413333336,50K - 75K ($)
745,99118.0,25.980944345,75K - 100K ($)
746,88867.0,24.15748069,75K - 100K ($)
747,77872.0,21.299068895,75K - 100K ($)
748,84335.0,20.94979149,75K - 100K ($)
749,49313.0,20.627299015,25K - 50K ($)
750,55417.0,22.131152446666665,50K - 75K ($)
751,64667.0,23.278766650000005,50K - 75K ($)
752,65854.0,25.309380623333336,50K - 75K ($)
753,94821.0,28.627549676666664,75K - 100K ($)
754,102059.0,36.7623335625,100K - 125K ($)
755,93452.0,33.65087389,75K - 100K ($)
756,102292.0,20.063691256666672,100K - 125K ($)
757,56573.0,17.280948413333334,50K - 75K ($)
758,63965.0,17.236970823333333,50K - 75K ($)
759,29595.0,14.23916635,25K - 50K ($)
760,33625.0,10.142190146,25K - 50K ($)
761,54450.0,14.251774309999998,50K - 75K ($)
762,75156.0,16.308297946,75K - 100K ($)
763,60473.0,13.14491657,50K - 75K ($)
764,94082.0,19.97440777,75K - 100K ($)
765,28077.0,12.631769235,25K - 50K ($)
766,115469.0,10.26051381,100K - 125K ($)
767,27233.0,13.318867985,25K - 50K ($)
768,192917.0,28.31074338666667,150K + ($)
769,56745.0,13.87387387,50K - 75K ($)
770,88068.0,17.106180399999996,75K - 100K ($)
771,38281.0,11.377356716749999,25K - 50K ($)
772,44787.0,11.354495493333333,25K - 50K ($)
773,34762.0,12.12499703025,25K - 50K ($)
774,33211.0,12.106581941666667,25K - 50K ($)
775,104116.0,20.843487265,100K - 125K ($)
776,78750.0,20.178239905999998,75K - 100K ($)
777,73802.0,40.20960956666666,50K - 75K ($)
778,120278.0,47.205247985,100K - 125K ($)
779,65585.0,13.7459252,50K - 75K ($)
780,89623.0,26.93478404666667,75K - 100K ($)
781,55986.0,5.439180952999999,50K - 75K ($)
782,62750.0,7.8682612155,50K - 75K ($)
783,156000.0,46.81110665,150K + ($)
784,82564.0,21.15317396,75K - 100K ($)
785,102188.0,11.85718289,100K - 125K ($)
786,74138.0,27.62798612,50K - 75K ($)
787,129750.0,30.83380476,125K to 150K ($)
788,79615.0,18.908508645,75K - 100K ($)
789,77297.0,19.71127696,75K - 100K ($)
790,39000.0,18.10883048,25K - 50K ($)
791,45455.0,12.715529842,25K - 50K ($)
792,109688.0,27.505353675,100K - 125K ($)
793,74750.0,17.496980206666667,50K - 75K ($)
794,40774.0,13.001990645,25K - 50K ($)
795,29301.0,10.85077173,25K - 50K ($)
796,22793.0,18.353071585,0 - 25K ($)
797,40254.0,7.385259487000001,25K - 50K ($)
798,62813.0,16.306222583333334,50K - 75K ($)
799,50648.0,14.032949965,50K - 75K ($)
800,40208.0,19.684675653333333,25K - 50K ($)
801,41296.0,12.390771575,25K - 50K ($)
802,31563.0,7.196950791,25K - 50K ($)
803,46532.0,13.701048245,25K - 50K ($)
804,34342.0,10.707049196666668,25K - 50K ($)
805,103750.0,35.07324813666667,100K - 125K ($)
806,23533.0,5.850330261,0 - 25K ($)
807,77120.0,36.667192945,75K - 100K ($)
808,47269.0,16.314861915,25K - 50K ($)
809,34636.0,13.07672699,25K - 50K ($)
810,97604.0,8.000928976,75K - 100K ($)
811,90815.0,28.530821425,75K - 100K ($)
812,67027.0,25.605240406,50K - 75K ($)
813,66944.0,13.682134612111113,50K - 75K ($)
814,116250.0,23.59443388,100K - 125K ($)
815,111007.0,25.53346266,100K - 125K ($)
816,53575.0,9.492606367,50K - 75K ($)
817,42011.0,7.58385048,25K - 50K ($)
818,74779.0,35.66281512333333,50K - 75K ($)
819,120365.0,42.35030276000001,100K - 125K ($)
820,101156.0,33.47808679333334,100K - 125K ($)
821,84231.0,6.9521952150000015,75K - 100K ($)
822,62276.0,10.6283860595,50K - 75K ($)
823,101719.0,8.020958016,100K - 125K ($)
824,107841.0,24.744084059999995,100K - 125K ($)
825,46474.0,11.119809106666667,25K - 50K ($)
826,62634.0,12.832239712666668,50K - 75K ($)
827,63603.0,8.002154268,50K - 75K ($)
828,155694.0,14.933131909333337,150K + ($)
829,70200.0,27.956489153333337,50K - 75K ($)
830,66510.0,13.17856815,50K - 75K ($)
831,58482.0,16.29201388,50K - 75K ($)
832,49882.0,11.662057475,25K - 50K ($)
833,58689.0,18.082675045,50K - 75K ($)
834,46406.0,11.264085071333337,25K - 50K ($)
835,62809.0,12.302253725249994,50K - 75K ($)
836,31786.0,6.063528828333332,25K - 50K ($)
837,64848.0,20.6350473825,50K - 75K ($)
838,79605.0,24.740975285,75K - 100K ($)
839,40590.0,9.676816578333332,25K - 50K ($)
840,68313.0,36.98257944666667,50K - 75K ($)
841,31528.0,12.769264186666668,25K - 50K ($)
842,35524.0,12.1625539925,25K - 50K ($)
843,54306.0,17.90773687,50K - 75K ($)
844,16389.0,15.45996014,0 - 25K ($)
845,45785.0,14.57073106,25K - 50K ($)
846,24813.0,4.704276127,0 - 25K ($)
847,37406.0,10.23599177,25K - 50K ($)
848,34900.0,11.41282639,25K - 50K ($)
849,76471.0,16.56951957,75K - 100K ($)
850,75869.0,26.31865561,75K - 100K ($)
851,60000.0,14.307677884375,50K - 75K ($)
852,105750.0,21.07186239433333,100K - 125K ($)
853,32804.0,3.881018652,25K - 50K ($)
854,45365.0,2.657717746333333,25K - 50K ($)
855,34011.0,20.234379785,25K - 50K ($)
856,41429.0,14.613319505,25K - 50K ($)
857,46592.0,10.194182557333333,25K - 50K ($)
858,48265.0,16.814843825,25K - 50K ($)
859,61161.0,17.0002798,50K - 75K ($)
860,47098.0,24.99902279333333,25K - 50K ($)
861,51531.0,31.937743205,50K - 75K ($)
862,59125.0,26.56060344,50K - 75K ($)
863,36452.0,9.681091985,25K - 50K ($)
864,97857.0,33.51167451,75K - 100K ($)
865,49258.0,11.060456871,25K - 50K ($)
866,63158.0,21.71997286142857,50K - 75K ($)
867,95789.0,22.83444189333333,75K - 100K ($)
868,44743.0,9.351791348999999,25K - 50K ($)
869,66813.0,13.515154943333336,50K - 75K ($)
870,51912.0,17.52685358333333,50K - 75K ($)
871,66063.0,16.894438953333335,50K - 75K ($)
872,47708.0,14.0356401695,25K - 50K ($)
873,114013.0,28.57874559,100K - 125K ($)
874,43375.0,9.092477672333333,25K - 50K ($)
875,37155.0,18.553407525,25K - 50K ($)
876,27781.0,11.60271274,25K - 50K ($)
877,72202.0,30.44647733,50K - 75K ($)
878,60525.0,20.90614364,50K - 75K ($)
879,16386.0,8.794409406,0 - 25K ($)
880,32368.0,12.082725986666668,25K - 50K ($)
881,72983.0,18.2106772625,50K - 75K ($)
882,45845.0,13.552835903333332,25K - 50K ($)
883,35243.0,14.135037006666666,25K - 50K ($)
884,61786.0,10.4018230315,50K - 75K ($)
885,59254.0,26.81596924,50K - 75K ($)
886,38106.0,8.3846497325,25K - 50K ($)
887,97174.0,28.938325365,75K - 100K ($)
888,48819.0,13.81750305,25K - 50K ($)
889,81579.0,23.536509925,75K - 100K ($)
890,35423.0,12.555739993333333,25K - 50K ($)
891,78006.0,8.686016704,75K - 100K ($)
892,59487.0,12.042582193,50K - 75K ($)
893,50583.0,9.6006660795,50K - 75K ($)
894,53958.0,14.30377123,50K - 75K ($)
895,63082.0,10.6410765725,50K - 75K ($)
896,56094.0,21.086333485,50K - 75K ($)
897,51406.0,18.47439139,50K - 75K ($)
898,78375.0,21.2875027,75K - 100K ($)
899,62951.0,26.05918685666667,50K - 75K ($)
900,69950.0,27.42804421333333,50K - 75K ($)
901,36429.0,14.80709952,25K - 50K ($)
902,60133.0,18.234491586666667,50K - 75K ($)
903,170441.0,30.71617526,150K + ($)
904,82107.0,28.202744256666666,75K - 100K ($)
905,144531.0,36.29897867,125K to 150K ($)
906,107688.0,35.55249622666667,100K - 125K ($)
907,33300.0,12.12149047,25K - 50K ($)
908,35556.0,11.524517605,25K - 50K ($)
909,179750.0,54.911480993999994,150K + ($)
910,47674.0,13.461065335,25K - 50K ($)
911,37454.0,11.7560392595,25K - 50K ($)
912,39375.0,11.7121492955,25K - 50K ($)
913,61372.0,20.08424399333333,50K - 75K ($)
914,54028.0,8.7192739555,50K - 75K ($)
915,63108.0,23.89560257,50K - 75K ($)
916,37949.0,17.26536549,25K - 50K ($)
917,76875.0,20.7113664075,75K - 100K ($)
918,51571.0,14.030226096666668,50K - 75K ($)
919,147321.0,6.535488646,125K to 150K ($)
920,51685.0,12.991244426666668,50K - 75K ($)
921,41019.0,9.9187557525,25K - 50K ($)
922,28710.0,14.889329725,25K - 50K ($)
923,96214.0,23.46483274,75K - 100K ($)
924,105179.0,27.16947052,100K - 125K ($)
925,91017.0,36.07778499,75K - 100K ($)
926,78601.0,18.0448456225,75K - 100K ($)
927,69632.0,16.730420456666668,50K - 75K ($)
928,86795.0,20.032593408,75K - 100K ($)
929,104679.0,25.55907686166667,100K - 125K ($)
930,106458.0,30.03650877,100K - 125K ($)
931,76906.0,13.20071118,75K - 100K ($)
932,72995.0,28.95660482333333,50K - 75K ($)
933,60052.0,18.080479890000003,50K - 75K ($)
934,85463.0,25.77041777,75K - 100K ($)
935,55699.0,21.2290839125,50K - 75K ($)
936,41823.0,14.660466193333335,25K - 50K ($)
937,93040.0,9.24749038625,75K - 100K ($)
938,32029.0,13.626879626666666,25K - 50K ($)
939,47337.0,10.826525973499999,25K - 50K ($)
940,40123.0,11.808733784000001,25K - 50K ($)
941,92171.0,3.284997358,75K - 100K ($)
942,43631.0,9.947278983,25K - 50K ($)
943,41089.0,15.48211886,25K - 50K ($)
944,55142.0,12.621229417750001,50K - 75K ($)
945,30027.0,13.96355766,25K - 50K ($)
946,62012.0,13.829773083,50K - 75K ($)
947,84554.0,21.083937473333336,75K - 100K ($)
948,52604.0,17.894122149999994,50K - 75K ($)
949,36526.0,13.363382597333331,25K - 50K ($)
950,60815.0,13.431919983,50K - 75K ($)
951,43125.0,11.332227587,25K - 50K ($)
952,37841.0,10.139930814500001,25K - 50K ($)
953,32419.0,11.33672535,25K - 50K ($)
954,99728.0,7.7454656965,75K - 100K ($)
955,26512.0,14.534050846666668,25K - 50K ($)
956,30908.0,12.803476536666668,25K - 50K ($)
957,37421.0,15.19072062,25K - 50K ($)
958,67500.0,17.01370283333333,50K - 75K ($)
959,184405.0,36.22114932333333,150K + ($)
960,105598.0,11.8954462605,100K - 125K ($)
961,23400.0,12.46670798,0 - 25K ($)
962,114183.0,16.52762425666667,100K - 125K ($)
963,104091.0,23.00112527333333,100K - 125K ($)
964,83191.0,22.89754283,75K - 100K ($)
965,61118.0,21.37377749,50K - 75K ($)
966,96552.0,20.98785639,75K - 100K ($)
967,68529.0,27.1764919425,50K - 75K ($)
968,75787.0,24.677156330000006,75K - 100K ($)
969,66477.0,21.7003348325,50K - 75K ($)
970,103050.0,33.214876010000005,100K - 125K ($)
971,55662.0,21.062301725,50K - 75K ($)
972,49641.0,11.3254549415,25K - 50K ($)
973,52341.0,30.97160719,50K - 75K ($)
974,60050.0,30.31814421,50K - 75K ($)
975,45708.0,20.374135505,25K - 50K ($)
976,59265.0,17.17702412,50K - 75K ($)
977,61458.0,15.03965962,50K - 75K ($)
978,84969.0,10.824043645,75K - 100K ($)
979,69317.0,22.792482575,50K - 75K ($)
980,62407.0,16.777450215000002,50K - 75K ($)
981,35422.0,15.488304635,25K - 50K ($)
982,23031.0,6.910062721999999,0 - 25K ($)
983,32455.0,9.3971433065,25K - 50K ($)
984,29810.0,10.228694015,25K - 50K ($)
985,111579.0,26.87688186,100K - 125K ($)
986,97500.0,34.59779357,75K - 100K ($)
987,221635.0,44.58176475,150K + ($)
988,76037.0,22.91516998,75K - 100K ($)
989,138147.0,7.790455204,125K to 150K ($)
990,32025.0,11.47849652475,25K - 50K ($)
991,133516.0,20.633872595,125K to 150K ($)
992,39258.0,14.99351899,25K - 50K ($)
993,108281.0,12.2286922904,100K - 125K ($)
994,52679.0,10.881340211,50K - 75K ($)
995,131500.0,8.190136498,125K to 150K ($)
996,65930.0,14.720501445999998,50K - 75K ($)
997,88639.0,11.277764098499999,75K - 100K ($)
998,102083.0,13.62561388,100K - 125K ($)
999,187470.0,39.80475221666666,150K + ($)
1000,95286.0,9.114536519,75K - 100K ($)
1001,39709.0,16.74106284,25K - 50K ($)
1002,69216.0,16.001201055,50K - 75K ($)
1003,45967.0,16.388580986666664,25K - 50K ($)
1004,125903.0,15.8500514136,125K to 150K ($)
1005,70931.0,16.852292985000002,50K - 75K ($)
1006,36795.0,7.5847481815,25K - 50K ($)
1007,64327.0,12.6432134,50K - 75K ($)
1008,65521.0,14.180759690333334,50K - 75K ($)
1009,31136.0,13.506671255,25K - 50K ($)
1010,185188.0,49.63659236000001,150K + ($)
1011,60768.0,17.068543469999998,50K - 75K ($)
1012,35878.0,14.453185,25K - 50K ($)
1013,39141.0,7.875682811333334,25K - 50K ($)
1014,39459.0,28.180251965,25K - 50K ($)
1015,70969.0,19.429404764000004,50K - 75K ($)
1016,50083.0,14.63862356,50K - 75K ($)
1017,81053.0,44.6315346,75K - 100K ($)
1018,57232.0,13.48879884,50K - 75K ($)
1019,71380.0,21.331365826666666,50K - 75K ($)
1020,59702.0,10.290212727333332,50K - 75K ($)
1021,111659.0,25.196650455,100K - 125K ($)
1022,50245.0,16.96317238,50K - 75K ($)
1023,48984.0,16.97359016,25K - 50K ($)
1024,43902.0,17.627595303333333,25K - 50K ($)
1025,56471.0,23.51075983,50K - 75K ($)
1026,56806.0,8.93623253,50K - 75K ($)
1027,107899.0,15.164576744999998,100K - 125K ($)
1028,66152.0,22.89497821,50K - 75K ($)
1029,48523.0,13.48613225,25K - 50K ($)
1030,41310.0,15.08819526,25K - 50K ($)
1031,41432.0,20.47764082,25K - 50K ($)
1032,83966.0,18.505118118,75K - 100K ($)
1033,55000.0,26.570878555,50K - 75K ($)
1034,97937.0,15.325688264000002,75K - 100K ($)
1035,40000.0,17.963450618000003,25K - 50K ($)
1036,87798.0,18.33636093333333,75K - 100K ($)
1037,35469.0,23.30463015333333,25K - 50K ($)
1038,95556.0,18.196148435,75K - 100K ($)
1039,45565.0,27.458841625,25K - 50K ($)
1040,108621.0,18.743994534000002,100K - 125K ($)
1041,43056.0,22.329633505,25K - 50K ($)
1042,112224.0,19.949581036666668,100K - 125K ($)
1043,88875.0,30.58627564,75K - 100K ($)
1044,121357.0,26.51643669,100K - 125K ($)
1045,79563.0,19.82823191,75K - 100K ($)
1046,61958.0,20.923151955,50K - 75K ($)
1047,96307.0,22.82253575666667,75K - 100K ($)
1048,69719.0,21.399878330000004,50K - 75K ($)
1049,69225.0,13.07561828175,50K - 75K ($)
1050,113125.0,18.139024158199998,100K - 125K ($)
1051,188646.0,23.438720856666666,150K + ($)
1052,53500.0,21.11230081,50K - 75K ($)
1053,70078.0,17.148153903333334,50K - 75K ($)
1054,57738.0,13.0031415665,50K - 75K ($)
1055,52165.0,37.62887816,50K - 75K ($)
1056,120427.0,29.9726984625,100K - 125K ($)
1057,50967.0,25.60527617333333,50K - 75K ($)
1058,85460.0,28.05954474,75K - 100K ($)
1059,54242.0,18.690010825,50K - 75K ($)
1060,34962.0,32.06740052,25K - 50K ($)
1061,40921.0,11.064089983499999,25K - 50K ($)
1062,31292.0,30.54367003,25K - 50K ($)
1063,53145.0,11.82939767,50K - 75K ($)
1064,63634.0,16.72875746,50K - 75K ($)
1065,54688.0,21.021409935999998,50K - 75K ($)
1066,53351.0,26.6447722075,50K - 75K ($)
1067,33681.0,15.011016165,25K - 50K ($)
1068,29920.0,9.974763083333334,25K - 50K ($)
1069,139618.0,21.632643995,125K to 150K ($)
1070,89279.0,26.69071288,75K - 100K ($)
1071,41906.0,12.931205255,25K - 50K ($)
1072,41484.0,15.211906775,25K - 50K ($)
1073,36250.0,14.782652980399996,25K - 50K ($)
1074,47181.0,9.92432496,25K - 50K ($)
1075,36761.0,13.06295295,25K - 50K ($)
1076,39302.0,11.76921234,25K - 50K ($)
1077,80789.0,20.586194653333333,75K - 100K ($)
1078,75395.0,20.04284902,75K - 100K ($)
1079,57743.0,18.275930975,50K - 75K ($)
1080,96250.0,28.61474585,75K - 100K ($)
1081,175491.0,44.683848185,150K + ($)
1082,76154.0,17.57861559666667,75K - 100K ($)
1083,34735.0,9.3803253275,25K - 50K ($)
1084,105259.0,25.028462672,100K - 125K ($)
1085,81544.0,19.419154820000006,75K - 100K ($)
1086,106923.0,22.073931345,100K - 125K ($)
1087,66235.0,25.92600234,50K - 75K ($)
1088,92900.0,13.501136035,75K - 100K ($)
1089,108529.0,26.36034637666667,100K - 125K ($)
1090,62478.0,14.41059896,50K - 75K ($)
1091,119907.0,19.91510263,100K - 125K ($)
1092,93462.0,20.996989475,75K - 100K ($)
1093,31929.0,17.06506015,25K - 50K ($)
1094,63601.0,13.61090143,50K - 75K ($)
1095,46065.0,22.470184295000006,25K - 50K ($)
1096,84920.0,15.35098537,75K - 100K ($)
1097,61875.0,20.232697065,50K - 75K ($)
1098,58833.0,14.90201113,50K - 75K ($)
1099,61029.0,14.38202139,50K - 75K ($)
1100,45025.0,16.357766559999998,25K - 50K ($)
1101,55769.0,18.00988471,50K - 75K ($)
1102,41827.0,15.778231625,25K - 50K ($)
1103,66146.0,12.566747475,50K - 75K ($)
1104,62500.0,17.743629396666666,50K - 75K ($)
1105,78988.0,12.633782852000001,75K - 100K ($)
1106,51277.0,11.356446563333336,50K - 75K ($)
1107,54590.0,15.21889492,50K - 75K ($)
1108,65919.0,12.715387205,50K - 75K ($)
1109,75694.0,19.674351565,75K - 100K ($)
1110,57866.0,21.127891415,50K - 75K ($)
1111,69333.0,12.305304366666665,50K - 75K ($)
1112,25208.0,8.460185617999999,25K - 50K ($)
1113,67308.0,11.028366351666667,50K - 75K ($)
1114,32065.0,13.60485209,25K - 50K ($)
1115,90333.0,23.613814437142853,75K - 100K ($)
1116,45257.0,16.94120734,25K - 50K ($)
1117,48884.0,14.126531925666669,25K - 50K ($)
1118,28173.0,9.740057555,25K - 50K ($)
1119,51930.0,18.931504755,50K - 75K ($)
1120,41755.0,11.6102255,25K - 50K ($)
1121,36356.0,18.61064001,25K - 50K ($)
1122,49280.0,13.54059533,25K - 50K ($)
1123,120318.0,13.71672491,100K - 125K ($)
1124,51979.0,11.490768904666664,50K - 75K ($)
1125,45885.0,17.55721587,25K - 50K ($)
1126,52885.0,9.6091404985,50K - 75K ($)
1127,56047.0,17.836366203333334,50K - 75K ($)
1128,55923.0,15.694669536666664,50K - 75K ($)
1129,64375.0,31.62098888,50K - 75K ($)
1130,60208.0,11.50502566,50K - 75K ($)
1131,108340.0,43.29211241500001,100K - 125K ($)
1132,122667.0,52.89820839500001,100K - 125K ($)
1133,123224.0,23.676621745,100K - 125K ($)
1134,94766.0,8.759223718000001,75K - 100K ($)
1135,42229.0,8.82922345,25K - 50K ($)
1136,63370.0,15.135389985,50K - 75K ($)
1137,36863.0,8.650950877,25K - 50K ($)
1138,87500.0,17.205532509,75K - 100K ($)
1139,44304.0,9.05678015725,25K - 50K ($)
1140,30611.0,15.00992403,25K - 50K ($)
1141,34865.0,9.6203167925,25K - 50K ($)
1142,50433.0,16.151634145,50K - 75K ($)
1143,141250.0,28.38226325,125K to 150K ($)
1144,64779.0,13.9753856525,50K - 75K ($)
1145,51500.0,18.82080086,50K - 75K ($)
1146,97847.0,19.90421911,75K - 100K ($)
1147,80313.0,17.8367154825,75K - 100K ($)
1148,77813.0,19.526863476666666,75K - 100K ($)
1149,96625.0,18.17997115,75K - 100K ($)
1150,74200.0,18.716508932,50K - 75K ($)
1151,42206.0,16.16860143,25K - 50K ($)
1152,62779.0,17.64818544,50K - 75K ($)
1153,62447.0,15.2229981075,50K - 75K ($)
1154,30776.0,17.31336169,25K - 50K ($)
1155,62768.0,13.2002617675,50K - 75K ($)
1156,61419.0,14.47989025,50K - 75K ($)
1157,52559.0,22.82876431333333,50K - 75K ($)
1158,63898.0,22.13575337666667,50K - 75K ($)
1159,33065.0,8.619198844333335,25K - 50K ($)
1160,33542.0,11.605166521500001,25K - 50K ($)
1161,62885.0,18.146316423666672,50K - 75K ($)
1162,81371.0,10.810451314200002,75K - 100K ($)
1163,79848.0,17.69063791,75K - 100K ($)
1164,93362.0,12.358534327000001,75K - 100K ($)
1165,24153.0,22.681934100000003,0 - 25K ($)
1166,60860.0,9.791196695750001,50K - 75K ($)
1167,51027.0,18.377760016666667,50K - 75K ($)
1168,60587.0,12.686675245333333,50K - 75K ($)
1169,54470.0,20.27155018,50K - 75K ($)
1170,50588.0,19.935973985,50K - 75K ($)
1171,55625.0,13.672411673000006,50K - 75K ($)
1172,97589.0,27.32319821,75K - 100K ($)
1173,48950.0,22.912335695000003,25K - 50K ($)
1174,100858.0,29.039418555,100K - 125K ($)
1175,78162.0,19.396858795,75K - 100K ($)
1176,103542.0,28.98903207333333,100K - 125K ($)
1177,48841.0,15.32503215,25K - 50K ($)
1178,80850.0,17.541597162000002,75K - 100K ($)
1179,95517.0,10.56010528,75K - 100K ($)
1180,66612.0,17.6827437675,50K - 75K ($)
1181,63750.0,9.76872932675,50K - 75K ($)
1182,65000.0,15.4056537325,50K - 75K ($)
1183,54784.0,10.492190772999999,50K - 75K ($)
1184,54914.0,14.27744465,50K - 75K ($)
1185,119770.0,19.17587862333333,100K - 125K ($)
1186,55066.0,14.881637956666667,50K - 75K ($)
1187,53102.0,12.493329565,50K - 75K ($)
1188,42241.0,16.11324483,25K - 50K ($)
1189,34807.0,13.348967722000001,25K - 50K ($)
1190,34939.0,18.25958630333333,25K - 50K ($)
1191,46685.0,12.615510393333333,25K - 50K ($)
1192,34294.0,14.47099005,25K - 50K ($)
1193,38056.0,12.761477946666664,25K - 50K ($)
1194,36528.0,10.35649008,25K - 50K ($)
1195,30473.0,17.6617762,25K - 50K ($)
1196,35872.0,19.380615655,25K - 50K ($)
1197,41214.0,13.07250596,25K - 50K ($)
1198,46633.0,12.940537533666664,25K - 50K ($)
1199,104318.0,11.50848843,100K - 125K ($)
1200,134286.0,35.14764934,125K to 150K ($)
1201,35899.0,16.76468112,25K - 50K ($)
1202,76974.0,5.60348180975,75K - 100K ($)
1203,79886.0,3.3901619430000003,75K - 100K ($)
1204,140682.0,4.309124512,125K to 150K ($)
1205,136324.0,20.4240335,125K to 150K ($)
1206,51818.0,11.66477006,50K - 75K ($)
1207,34583.0,9.782779123,25K - 50K ($)
1208,47095.0,16.002739984999998,25K - 50K ($)
1209,40394.0,14.157990516666667,25K - 50K ($)
1210,50819.0,13.654996935,50K - 75K ($)
1211,48698.0,14.059565926666664,25K - 50K ($)
1212,63919.0,13.36190418,50K - 75K ($)
1213,42269.0,19.43394856,25K - 50K ($)
1214,41984.0,18.013034259999994,25K - 50K ($)
1215,48793.0,17.976524165,25K - 50K ($)
1216,50050.0,19.93847997,50K - 75K ($)
1217,58994.0,15.9317628325,50K - 75K ($)
1218,53201.0,15.126549035,50K - 75K ($)
1219,49935.0,18.785037603333333,25K - 50K ($)
1220,37443.0,22.72907315,25K - 50K ($)
1221,79688.0,21.05460248,75K - 100K ($)
1222,57850.0,23.49812369,50K - 75K ($)
1223,76554.0,19.57805332,75K - 100K ($)
1224,37644.0,25.240733435,25K - 50K ($)
1225,84260.0,25.015367745,75K - 100K ($)
1226,49387.0,21.49590086,25K - 50K ($)
1227,51958.0,15.850307325,50K - 75K ($)
1228,49327.0,15.80595435,25K - 50K ($)
1229,64041.0,16.424889345000004,50K - 75K ($)
1230,72114.0,21.32892119,50K - 75K ($)
1231,53348.0,18.051888775,50K - 75K ($)
1232,73355.0,24.99025559,50K - 75K ($)
1233,68359.0,17.20848811,50K - 75K ($)
1234,102557.0,19.932665300000004,100K - 125K ($)
1235,79140.0,14.42103234,75K - 100K ($)
1236,59352.0,22.88336651,50K - 75K ($)
1237,16196.0,22.119243,0 - 25K ($)
1238,53529.0,10.652798366,50K - 75K ($)
1239,50904.0,10.688060221333332,50K - 75K ($)
1240,74238.0,14.636811165,50K - 75K ($)
1241,99980.0,27.32065808333333,75K - 100K ($)
1242,84750.0,29.213008425,75K - 100K ($)
1243,46240.0,20.54632565,25K - 50K ($)
1244,50736.0,18.567413973333334,50K - 75K ($)
1245,82819.0,22.45852533,75K - 100K ($)
1246,72037.0,25.174783906666665,50K - 75K ($)
1247,47546.0,22.77065912,25K - 50K ($)
1248,69650.0,16.134028985,50K - 75K ($)
1249,62672.0,16.11940104,50K - 75K ($)
1250,38995.0,10.503882059,25K - 50K ($)
1251,80682.0,18.89202211333333,75K - 100K ($)
1252,74453.0,22.192134605,50K - 75K ($)
1253,91377.0,22.432966645,75K - 100K ($)
1254,63964.0,14.28974521,50K - 75K ($)
1255,65893.0,13.64220409,50K - 75K ($)
1256,66384.0,15.451869074999998,50K - 75K ($)
1257,58340.0,17.189826807499998,50K - 75K ($)
1258,148125.0,36.997253325,125K to 150K ($)
1259,67708.0,11.9756217705,50K - 75K ($)
1260,65809.0,12.892268066666665,50K - 75K ($)
1261,133774.0,33.06046468,125K to 150K ($)
1262,103582.0,19.69184466,100K - 125K ($)
1263,92773.0,30.74650549,75K - 100K ($)
1264,70089.0,19.089901796666666,50K - 75K ($)
1265,75179.0,31.22064689333333,75K - 100K ($)
1266,78359.0,26.417558385,75K - 100K ($)
1267,74141.0,27.87638452,50K - 75K ($)
1268,57350.0,35.571941045,50K - 75K ($)
1269,63281.0,13.887853803333336,50K - 75K ($)
1270,63472.0,37.36390471,50K - 75K ($)
1271,38479.0,11.796025956,25K - 50K ($)
1272,60750.0,20.582298845,50K - 75K ($)
1273,82946.0,15.036813503333335,75K - 100K ($)
1274,46848.0,14.19064678,25K - 50K ($)
1275,78438.0,11.8559113,75K - 100K ($)
1276,47096.0,13.977890170333335,25K - 50K ($)
1277,37177.0,19.3537676875,25K - 50K ($)
1278,53816.0,19.40976129,50K - 75K ($)
1279,74844.0,2.00941548,50K - 75K ($)
1280,31845.0,13.318262196666666,25K - 50K ($)
1281,61464.0,11.854560316666666,50K - 75K ($)
1282,26153.0,10.704069797999999,25K - 50K ($)
1283,41143.0,15.639696315,25K - 50K ($)
1284,32485.0,15.755317553333335,25K - 50K ($)
1285,51655.0,18.074311685,50K - 75K ($)
1286,30225.0,18.793450905,25K - 50K ($)
1287,55729.0,14.096717824666667,50K - 75K ($)
1288,26336.0,10.84278956,25K - 50K ($)
1289,41136.0,19.14797606,25K - 50K ($)
1290,21907.0,15.46794165,0 - 25K ($)
1291,41756.0,15.571684855,25K - 50K ($)
1292,74216.0,26.296333765,50K - 75K ($)
1293,71085.0,29.436582846666663,50K - 75K ($)
1294,56887.0,13.174995216666668,50K - 75K ($)
1295,53071.0,14.44678897,50K - 75K ($)
1296,39679.0,12.5863795925,25K - 50K ($)
1297,38168.0,15.096403509999998,25K - 50K ($)
1298,45440.0,15.581734815999999,25K - 50K ($)
1299,77727.0,21.891738625,75K - 100K ($)
1300,32417.0,17.120556923333332,25K - 50K ($)
1301,64028.0,21.259478985,50K - 75K ($)
1302,26813.0,17.750901915,25K - 50K ($)
1303,61959.0,13.665170855,50K - 75K ($)
1304,58194.0,16.871769346,50K - 75K ($)
1305,79398.0,17.116887413333334,75K - 100K ($)
1306,38000.0,13.89215898,25K - 50K ($)
1307,51209.0,22.51052522666667,50K - 75K ($)
1308,40888.0,14.957099933333335,25K - 50K ($)
1309,34627.0,15.736412,25K - 50K ($)
1310,40273.0,28.03115785,25K - 50K ($)
1311,68194.0,23.728050375,50K - 75K ($)
1312,88580.0,17.0157520265,75K - 100K ($)
1313,59196.0,15.27998757,50K - 75K ($)
1314,82407.0,22.20907432,75K - 100K ($)
1315,82804.0,19.31240412,75K - 100K ($)
1316,60789.0,10.83229479,50K - 75K ($)
1317,67813.0,12.0352538806,50K - 75K ($)
1318,74286.0,19.797220815000006,50K - 75K ($)
1319,68976.0,16.18366933,50K - 75K ($)
1320,90031.0,14.628220804999998,75K - 100K ($)
1321,88846.0,15.5413684625,75K - 100K ($)
1322,57955.0,11.637222496666665,50K - 75K ($)
1323,121442.0,17.35772025,100K - 125K ($)
1324,41767.0,12.10208766,25K - 50K ($)
1325,44178.0,11.283865065,25K - 50K ($)
1326,64921.0,20.8540972475,50K - 75K ($)
1327,69811.0,10.123615751,50K - 75K ($)
1328,135000.0,29.97854758,125K to 150K ($)
1329,75017.0,12.00786491,75K - 100K ($)
1330,50606.0,21.09909290333333,50K - 75K ($)
1331,55560.0,17.621930116666665,50K - 75K ($)
1332,79844.0,24.3532682,75K - 100K ($)
1333,86438.0,24.4676113,75K - 100K ($)
1334,61609.0,12.260274575999999,50K - 75K ($)
1335,49395.0,12.213609305,25K - 50K ($)
1336,75074.0,15.304733625,75K - 100K ($)
1337,73603.0,18.56234097333333,50K - 75K ($)
1338,55154.0,17.73263424,50K - 75K ($)
1339,32218.0,15.791691065,25K - 50K ($)
1340,44766.0,13.266218293333333,25K - 50K ($)
1341,34375.0,13.48760074,25K - 50K ($)
1342,21545.0,24.747984205,0 - 25K ($)
1343,34032.0,16.34358409,25K - 50K ($)
1344,36891.0,18.565949763333336,25K - 50K ($)
1345,54271.0,24.73360577,50K - 75K ($)
1346,69250.0,21.1634894225,50K - 75K ($)
1347,71458.0,11.940244740999999,50K - 75K ($)
1348,68051.0,8.078354153,50K - 75K ($)
1349,93550.0,10.546719404500001,75K - 100K ($)
1350,75625.0,18.775306768,75K - 100K ($)
1351,70446.0,9.794910927000002,50K - 75K ($)
1352,38672.0,21.74276846333333,25K - 50K ($)
1353,37022.0,12.025890645,25K - 50K ($)
1354,41476.0,13.98077524,25K - 50K ($)
1355,55158.0,12.486555624500001,50K - 75K ($)
1356,42222.0,9.894704304,25K - 50K ($)
1357,58409.0,6.634272356666666,50K - 75K ($)
1358,70653.0,14.16391728,50K - 75K ($)
1359,56470.0,17.94974131,50K - 75K ($)
1360,80156.0,16.365074276666665,75K - 100K ($)
1361,76813.0,15.076324336666666,75K - 100K ($)
1362,58777.0,12.72192352,50K - 75K ($)
1363,78506.0,18.1455311475,75K - 100K ($)
1364,90613.0,19.0773668075,75K - 100K ($)
1365,62450.0,13.365907426500002,50K - 75K ($)
1366,65515.0,17.307018273333334,50K - 75K ($)
1367,59482.0,29.91649683,50K - 75K ($)
1368,59519.0,15.075030515,50K - 75K ($)
1369,18484.0,10.72787526,0 - 25K ($)
1370,42868.0,16.021118669999996,25K - 50K ($)
1371,56148.0,19.26733801,50K - 75K ($)
1372,35125.0,13.942922295,25K - 50K ($)
1373,38846.0,10.656381228999999,25K - 50K ($)
1374,181750.0,35.76694051,150K + ($)
1375,11938.0,33.34703063,0 - 25K ($)
1376,41625.0,13.619670766666667,25K - 50K ($)
1377,38882.0,5.821450854,25K - 50K ($)
1378,27750.0,2.5070563055,25K - 50K ($)
1379,34250.0,18.13413816,25K - 50K ($)
1380,123663.0,28.6657161825,100K - 125K ($)
1381,143869.0,24.32116444,125K to 150K ($)
1382,94032.0,26.88834387,75K - 100K ($)
1383,144250.0,30.41567722,125K to 150K ($)
1384,91343.0,26.93184780333333,75K - 100K ($)
1385,61214.0,21.428224015,50K - 75K ($)
1386,58024.0,30.35280617333333,50K - 75K ($)
1387,41582.0,23.1521300075,25K - 50K ($)
1388,38789.0,11.97463539,25K - 50K ($)
1389,22929.0,8.890994425,0 - 25K ($)
1390,46895.0,4.1354198955,25K - 50K ($)
1391,19685.0,12.962818400000002,0 - 25K ($)
1392,49036.0,10.153864801000001,25K - 50K ($)
1393,49653.0,15.60867315,25K - 50K ($)
1394,37220.0,7.686691939499999,25K - 50K ($)
1395,35522.0,11.319730404000001,25K - 50K ($)
1396,95618.0,19.3337207154,75K - 100K ($)
1397,113616.0,17.6748318725,100K - 125K ($)
1398,155000.0,28.12449055333333,150K + ($)
1399,177857.0,23.63534890333333,150K + ($)
1400,101875.0,20.124523105,100K - 125K ($)
1401,48586.0,12.1382781095,25K - 50K ($)
1402,30250.0,14.889375523333333,25K - 50K ($)
1403,72708.0,12.590783603000002,50K - 75K ($)
1404,71944.0,14.23293233,50K - 75K ($)
1405,60421.0,14.215547172,50K - 75K ($)
1406,104737.0,14.41000388,100K - 125K ($)
1407,94261.0,21.093842056666674,75K - 100K ($)
1408,99906.0,21.18454809,75K - 100K ($)
1409,102880.0,18.3064419325,100K - 125K ($)
1410,76505.0,12.3625104114,75K - 100K ($)
1411,97746.0,11.420975092249998,75K - 100K ($)
1412,90234.0,14.509676305,75K - 100K ($)
1413,99101.0,10.3063847365,75K - 100K ($)
1414,44741.0,12.17783019,25K - 50K ($)
1415,36297.0,15.4923025,25K - 50K ($)
1416,35231.0,10.485951762000001,25K - 50K ($)
1417,35613.0,10.2354007685,25K - 50K ($)
1418,47313.0,12.452341313333333,25K - 50K ($)
1419,47461.0,16.374951300000006,25K - 50K ($)
1420,51917.0,15.6249840075,50K - 75K ($)
1421,44957.0,16.809872756666667,25K - 50K ($)
1422,102794.0,25.014319545,100K - 125K ($)
1423,115455.0,17.50664042,100K - 125K ($)
1424,125882.0,23.355132406000003,125K to 150K ($)
1425,101436.0,18.543161985999998,100K - 125K ($)
1426,99388.0,19.4520441175,75K - 100K ($)
1427,68625.0,19.70197255,50K - 75K ($)
1428,92462.0,19.44131980142857,75K - 100K ($)
1429,63785.0,12.64858025,50K - 75K ($)
1430,105652.0,13.749662076666667,100K - 125K ($)
1431,113000.0,15.874343333333336,100K - 125K ($)
1432,73165.0,11.664268793333333,50K - 75K ($)
1433,79545.0,15.69236213,75K - 100K ($)
1434,109125.0,14.6011185,100K - 125K ($)
1435,46472.0,14.6136580925,25K - 50K ($)
1436,57708.0,11.347748989000001,50K - 75K ($)
1437,35457.0,13.6972357275,25K - 50K ($)
1438,102132.0,21.621215985,100K - 125K ($)
1439,91569.0,20.11474579,75K - 100K ($)
1440,81964.0,21.4261967,75K - 100K ($)
1441,71029.0,26.17826493333333,50K - 75K ($)
1442,95893.0,25.062244865,75K - 100K ($)
1443,51094.0,16.25554232,50K - 75K ($)
1444,74493.0,15.668512925,50K - 75K ($)
1445,53135.0,8.961399157999999,50K - 75K ($)
1446,82868.0,11.48111930275,75K - 100K ($)
1447,31807.0,5.749449295999999,25K - 50K ($)
1448,40714.0,10.48822352125,25K - 50K ($)
1449,53333.0,7.901440415,50K - 75K ($)
1450,84603.0,25.8812853825,75K - 100K ($)
1451,68967.0,13.872619263333334,50K - 75K ($)
1452,80081.0,17.101499714000003,75K - 100K ($)
1453,103841.0,11.8373593115,100K - 125K ($)
1454,32159.0,13.394795225666664,25K - 50K ($)
1455,57500.0,11.806115922333332,50K - 75K ($)
1456,53482.0,10.4348750512,50K - 75K ($)
1457,55644.0,10.267623758666668,50K - 75K ($)
1458,51544.0,7.916128316,50K - 75K ($)
1459,68375.0,8.8214644162,50K - 75K ($)
1460,40784.0,11.892980246666667,25K - 50K ($)
1461,31887.0,6.575192619000001,25K - 50K ($)
1462,41488.0,9.444096526000001,25K - 50K ($)
1463,29083.0,17.063197154999994,25K - 50K ($)
1464,51938.0,17.4749117,50K - 75K ($)
1465,37997.0,10.949641772666666,25K - 50K ($)
1466,30743.0,11.566197383599999,25K - 50K ($)
1467,55123.0,11.346765996666667,50K - 75K ($)
1468,59154.0,17.466454263333333,50K - 75K ($)
1469,66818.0,7.428487453,50K - 75K ($)
1470,40594.0,10.108515537333334,25K - 50K ($)
1471,42905.0,7.518508371,25K - 50K ($)
1472,54786.0,9.901188444,50K - 75K ($)
1473,76750.0,16.8339547192,75K - 100K ($)
1474,67365.0,13.848522383333336,50K - 75K ($)
1475,79583.0,14.484834928571429,75K - 100K ($)
1476,93011.0,18.28453994333333,75K - 100K ($)
1477,53683.0,16.7406204,50K - 75K ($)
1478,73979.0,13.949824685,50K - 75K ($)
1479,87143.0,16.6498134,75K - 100K ($)
1480,111607.0,22.611172635,100K - 125K ($)
1481,74151.0,11.796241585,50K - 75K ($)
1482,72375.0,12.602762729999998,50K - 75K ($)
1483,77155.0,15.210459118333333,75K - 100K ($)
1484,67045.0,14.243921861428573,50K - 75K ($)
1485,98007.0,17.257089655,75K - 100K ($)
1486,34394.0,13.245087825,25K - 50K ($)
1487,44058.0,14.922517036666667,25K - 50K ($)
1488,62076.0,14.002867062000004,50K - 75K ($)
1489,62092.0,17.15956199333333,50K - 75K ($)
1490,51766.0,17.794676633333335,50K - 75K ($)
1491,56839.0,18.468325585,50K - 75K ($)
1492,30016.0,14.298503943333335,25K - 50K ($)
1493,58657.0,14.866139274000002,50K - 75K ($)
1494,69236.0,19.503785058,50K - 75K ($)
1495,80890.0,17.09604449,75K - 100K ($)
1496,70670.0,13.073961531499998,50K - 75K ($)
1497,90556.0,16.582879455,75K - 100K ($)
1498,100114.0,14.06562648,100K - 125K ($)
1499,46308.0,9.069641560333332,25K - 50K ($)
1500,64792.0,12.587260609999998,50K - 75K ($)
1501,67386.0,18.109089515,50K - 75K ($)
1502,92798.0,13.300278588333333,75K - 100K ($)
1503,97406.0,18.39596396,75K - 100K ($)
1504,79135.0,15.155901813,75K - 100K ($)
1505,74957.0,21.89072580333333,50K - 75K ($)
1506,93902.0,15.31585535,75K - 100K ($)
1507,86821.0,14.868635563333335,75K - 100K ($)
1508,95114.0,13.40196176,75K - 100K ($)
1509,39702.0,13.058400445,25K - 50K ($)
1510,53698.0,11.025619325,50K - 75K ($)
1511,39659.0,14.462078925,25K - 50K ($)
1512,92127.0,14.097148695,75K - 100K ($)
1513,78237.0,14.676075075,75K - 100K ($)
1514,85938.0,18.654822505,75K - 100K ($)
1515,101297.0,19.796913432,100K - 125K ($)
1516,28460.0,9.759059857,25K - 50K ($)
1517,32625.0,8.973650796666666,25K - 50K ($)
1518,29449.0,10.110109588333332,25K - 50K ($)
1519,40700.0,8.571681261333335,25K - 50K ($)
1520,46285.0,11.0526095105,25K - 50K ($)
1521,61301.0,15.347124665,50K - 75K ($)
1522,126141.0,13.204559835,125K to 150K ($)
1523,93523.0,14.022445736666667,75K - 100K ($)
1524,134288.0,18.4458107875,125K to 150K ($)
1525,93621.0,10.4626832775,75K - 100K ($)
1526,62352.0,21.17223137,50K - 75K ($)
1527,97897.0,15.507220532,75K - 100K ($)
1528,68684.0,13.92419105,50K - 75K ($)
1529,81576.0,17.33071537,75K - 100K ($)
1530,56544.0,15.962488695,50K - 75K ($)
1531,45763.0,13.5219058225,25K - 50K ($)
1532,29964.0,14.23536448,25K - 50K ($)
1533,43879.0,17.14336557,25K - 50K ($)
1534,35179.0,11.6083621686,25K - 50K ($)
1535,36713.0,6.375291816333334,25K - 50K ($)
1536,45659.0,17.092723165,25K - 50K ($)
1537,46392.0,13.126117024500001,25K - 50K ($)
1538,42819.0,18.728584105000003,25K - 50K ($)
1539,52880.0,14.243037139999998,50K - 75K ($)
1540,72434.0,14.4971937475,50K - 75K ($)
1541,48548.0,10.316435829333331,25K - 50K ($)
1542,63304.0,13.56452845,50K - 75K ($)
1543,66111.0,14.24934492,50K - 75K ($)
1544,35223.0,6.661492888,25K - 50K ($)
1545,101290.0,10.753118955,100K - 125K ($)
1546,66394.0,14.75889628,50K - 75K ($)
1547,56813.0,14.1233878575,50K - 75K ($)
1548,63706.0,18.168416713333333,50K - 75K ($)
1549,33730.0,14.1384365525,25K - 50K ($)
1550,74432.0,16.329712865,50K - 75K ($)
1551,31930.0,14.33728109,25K - 50K ($)
1552,43500.0,12.1195266075,25K - 50K ($)
1553,64493.0,15.481157813333333,50K - 75K ($)
1554,43813.0,14.23587014,25K - 50K ($)
1555,52910.0,15.245077945000002,50K - 75K ($)
1556,54906.0,18.12301019,50K - 75K ($)
1557,37279.0,14.490228735,25K - 50K ($)
1558,47644.0,18.8884570325,25K - 50K ($)
1559,44438.0,17.87412579,25K - 50K ($)
1560,39545.0,15.08846197,25K - 50K ($)
1561,44477.0,14.850544625,25K - 50K ($)
1562,48205.0,17.4888948775,25K - 50K ($)
1563,48026.0,8.4726700345,25K - 50K ($)
1564,37301.0,16.64792596,25K - 50K ($)
1565,41589.0,35.215894515,25K - 50K ($)
1566,40982.0,17.404106845,25K - 50K ($)
1567,79523.0,22.389710755000007,75K - 100K ($)
1568,55515.0,7.807523563333333,50K - 75K ($)
1569,105431.0,15.82271034,100K - 125K ($)
1570,55897.0,13.69033285,50K - 75K ($)
1571,134917.0,7.303752275,125K to 150K ($)
1572,51047.0,14.403960379249996,50K - 75K ($)
1573,150195.0,22.60422828,150K + ($)
1574,66761.0,18.2058586075,50K - 75K ($)
1575,49926.0,18.954083405,25K - 50K ($)
1576,35326.0,12.967355205,25K - 50K ($)
1577,40833.0,14.18213902,25K - 50K ($)
1578,63000.0,15.428950405999998,50K - 75K ($)
1579,65177.0,14.737527374,50K - 75K ($)
1580,67981.0,16.614469975000002,50K - 75K ($)
1581,50723.0,12.862480987999998,50K - 75K ($)
1582,45779.0,8.626941897333332,25K - 50K ($)
1583,32974.0,17.30807353,25K - 50K ($)
1584,51838.0,15.39947662,50K - 75K ($)
1585,41858.0,13.541614353333335,25K - 50K ($)
1586,34418.0,8.551906539333332,25K - 50K ($)
1587,34048.0,11.690382365,25K - 50K ($)
1588,31818.0,15.362367645,25K - 50K ($)
1589,31566.0,12.938972553333334,25K - 50K ($)
1590,58882.0,16.825011943333333,50K - 75K ($)
1591,41538.0,12.24267947,25K - 50K ($)
1592,65156.0,19.73251089,50K - 75K ($)
1593,50641.0,13.1267737375,50K - 75K ($)
1594,46791.0,10.936734322000001,25K - 50K ($)
1595,40607.0,20.461120396666672,25K - 50K ($)
1596,58415.0,20.9276134425,50K - 75K ($)
1597,51923.0,21.098053625,50K - 75K ($)
1598,68412.0,21.449161899999996,50K - 75K ($)
1599,58621.0,17.892532520000003,50K - 75K ($)
1600,95625.0,19.48491554,75K - 100K ($)
1601,33355.0,13.05495187,25K - 50K ($)
1602,39652.0,10.468993779000002,25K - 50K ($)
1603,47721.0,11.7814271925,25K - 50K ($)
1604,49625.0,17.86278826,25K - 50K ($)
1605,66458.0,17.02083666,50K - 75K ($)
1606,55402.0,12.44512518075,50K - 75K ($)
1607,43350.0,12.015319914500001,25K - 50K ($)
1608,50521.0,14.805374721,50K - 75K ($)
1609,31162.0,14.94645596,25K - 50K ($)
1610,44375.0,13.508519976666667,25K - 50K ($)
1611,61331.0,14.23173706,50K - 75K ($)
1612,37431.0,13.910961905,25K - 50K ($)
1613,55911.0,8.203630392,50K - 75K ($)
1614,107568.0,27.17890504333333,100K - 125K ($)
1615,94417.0,21.668193646666666,75K - 100K ($)
1616,106968.0,18.378479635,100K - 125K ($)
1617,47165.0,10.903140616333332,25K - 50K ($)
1618,29271.0,17.30185996,25K - 50K ($)
1619,33388.0,17.618735309999995,25K - 50K ($)
1620,12014.0,16.206485129999994,0 - 25K ($)
1621,44432.0,16.01805259,25K - 50K ($)
1622,39654.0,14.682080756666664,25K - 50K ($)
1623,5682.0,21.19003134,0 - 25K ($)
1624,19848.0,7.759789518,0 - 25K ($)
1625,88417.0,18.627086465,75K - 100K ($)
1626,21627.0,7.4641376185000015,0 - 25K ($)
1627,107668.0,34.36415883,100K - 125K ($)
1628,41444.0,16.9699396375,25K - 50K ($)
1629,60954.0,26.744178625,50K - 75K ($)
1630,41754.0,12.68642371,25K - 50K ($)
1631,38325.0,11.2046846785,25K - 50K ($)
1632,105543.0,36.05270227,100K - 125K ($)
1633,15924.0,23.28543615,0 - 25K ($)
1634,18186.0,21.87795761,0 - 25K ($)
1635,18150.0,16.28636287,0 - 25K ($)
1636,39894.0,5.8513634864999995,25K - 50K ($)
1637,133711.0,31.40346879,125K to 150K ($)
1638,39837.0,14.012034703333333,25K - 50K ($)
1639,190217.0,31.6436965325,150K + ($)
1640,214032.0,38.21664969333333,150K + ($)
1641,81823.0,15.111630715,75K - 100K ($)
1642,31335.0,8.692687839500001,25K - 50K ($)
1643,42500.0,11.366188844000002,25K - 50K ($)
1644,41406.0,11.798653632750002,25K - 50K ($)
1645,67431.0,25.18348806,50K - 75K ($)
1646,60015.0,10.067381939,50K - 75K ($)
1647,34976.0,24.22785047,25K - 50K ($)
1648,44773.0,9.943672849,25K - 50K ($)
1649,60326.0,19.66657004,50K - 75K ($)
1650,46875.0,9.399551769,25K - 50K ($)
1651,50104.0,12.4663730415,50K - 75K ($)
1652,24203.0,9.058081779999998,0 - 25K ($)
1653,51048.0,13.49508895,50K - 75K ($)
1654,25608.0,7.979957269000001,25K - 50K ($)
1655,50774.0,10.88338296225,50K - 75K ($)
1656,40278.0,12.7710101925,25K - 50K ($)
1657,134000.0,28.486307631666666,125K to 150K ($)
1658,41134.0,15.570125439999998,25K - 50K ($)
1659,37294.0,10.020223976,25K - 50K ($)
1660,42135.0,9.838552614500001,25K - 50K ($)
1661,57973.0,27.73387312666667,50K - 75K ($)
1662,43116.0,9.853397558333334,25K - 50K ($)
1663,33409.0,8.878496363,25K - 50K ($)
1664,26500.0,9.942656869,25K - 50K ($)
1665,26786.0,6.905978993,25K - 50K ($)
1666,32543.0,11.33761051,25K - 50K ($)
1667,31250.0,11.094915169,25K - 50K ($)
1668,40801.0,16.3096424,25K - 50K ($)
1669,36708.0,15.706445335000002,25K - 50K ($)
1670,54036.0,10.0047083325,50K - 75K ($)
1671,60481.0,5.4769626439999985,50K - 75K ($)
1672,47614.0,16.736366309999998,25K - 50K ($)
1673,36810.0,0.620277311,25K - 50K ($)
1674,40296.0,14.39599564,25K - 50K ($)
1675,57306.0,18.080810345,50K - 75K ($)
1676,38616.0,18.545123855,25K - 50K ($)
1677,86094.0,19.097157466666673,75K - 100K ($)
1678,43580.0,14.24447591,25K - 50K ($)
1679,58531.0,9.581191492,50K - 75K ($)
1680,42143.0,18.61660819,25K - 50K ($)
1681,121563.0,33.194750570000004,100K - 125K ($)
1682,63681.0,26.475268315,50K - 75K ($)
1683,22634.0,11.963040285,0 - 25K ($)
1684,47442.0,19.27089171,25K - 50K ($)
1685,30998.0,14.689323705,25K - 50K ($)
1686,32418.0,16.10794375,25K - 50K ($)
1687,21402.0,21.94720894,0 - 25K ($)
1688,47411.0,21.426936815,25K - 50K ($)
1689,33068.0,16.276732845,25K - 50K ($)
1690,39958.0,8.9022225245,25K - 50K ($)
1691,11585.0,15.103473602333331,0 - 25K ($)
1692,171000.0,33.583440105,150K + ($)
1693,96364.0,19.28322829,75K - 100K ($)
1694,84327.0,24.319547206666666,75K - 100K ($)
1695,70938.0,22.06387333,50K - 75K ($)
1696,85396.0,26.5675190875,75K - 100K ($)
1697,86538.0,20.65005712,75K - 100K ($)
1698,68510.0,14.994785263333334,50K - 75K ($)
1699,84608.0,12.128401135,75K - 100K ($)
1700,41678.0,11.617015011333336,25K - 50K ($)
1701,27500.0,10.698237405666669,25K - 50K ($)
1702,73087.0,21.2123370275,50K - 75K ($)
1703,21742.0,13.1830074494,0 - 25K ($)
1704,28780.0,14.188129303333335,25K - 50K ($)
1705,59444.0,19.622582395,50K - 75K ($)
1706,62891.0,18.722267815,50K - 75K ($)
1707,54341.0,13.55188281,50K - 75K ($)
1708,53429.0,7.5253850545,50K - 75K ($)
1709,35543.0,12.057118665,25K - 50K ($)
1710,47600.0,12.0786667855,25K - 50K ($)
1711,37803.0,11.143668572000001,25K - 50K ($)
1712,43429.0,12.384805711666665,25K - 50K ($)
1713,91550.0,23.64882815,75K - 100K ($)
1714,30491.0,14.934762699999999,25K - 50K ($)
1715,124764.0,48.56344675,100K - 125K ($)
1716,35403.0,13.119837926666667,25K - 50K ($)
1717,63261.0,24.024456505,50K - 75K ($)
1718,41102.0,12.44544258,25K - 50K ($)
1719,47431.0,16.708647205,25K - 50K ($)
1720,29338.0,18.366517316666666,25K - 50K ($)
1721,81078.0,24.06930293666667,75K - 100K ($)
1722,31328.0,13.09233562,25K - 50K ($)
1723,52625.0,22.285665270000006,50K - 75K ($)
1724,30690.0,14.882847174999998,25K - 50K ($)
1725,46038.0,17.715283685,25K - 50K ($)
1726,36176.0,14.217309996666666,25K - 50K ($)
1727,81736.0,18.5253043925,75K - 100K ($)
1728,155972.0,29.3424477,150K + ($)
1729,167000.0,30.07526956,150K + ($)
1730,32415.0,11.08897763425,25K - 50K ($)
1731,51563.0,24.38630609,50K - 75K ($)
1732,17241.0,13.452483785,0 - 25K ($)
1733,71087.0,21.37934502,50K - 75K ($)
1734,43914.0,15.96233279,25K - 50K ($)
1735,42315.0,22.68890066,25K - 50K ($)
1736,127852.0,11.30147815,125K to 150K ($)
1737,121417.0,27.307496120000003,100K - 125K ($)
1738,37014.0,17.412031024999994,25K - 50K ($)
1739,26694.0,7.958173424,25K - 50K ($)
1740,107475.0,6.125627639,100K - 125K ($)
1741,35656.0,8.928776368,25K - 50K ($)
1742,42627.0,3.768975781,25K - 50K ($)
1743,41763.0,16.994217136,25K - 50K ($)
1744,35760.0,11.660537684333336,25K - 50K ($)
1745,35753.0,11.0256552922,25K - 50K ($)
1746,36141.0,11.1186418575,25K - 50K ($)
1747,24945.0,10.035422691,0 - 25K ($)
1748,30042.0,13.626535,25K - 50K ($)
1749,103386.0,25.1408643,100K - 125K ($)
1750,41290.0,12.762020935,25K - 50K ($)
1751,161645.0,42.122169185,150K + ($)
1752,30560.0,14.14343993,25K - 50K ($)
1753,30958.0,12.86345973066667,25K - 50K ($)
1754,27060.0,10.979827121,25K - 50K ($)
1755,34858.0,12.5551465045,25K - 50K ($)
1756,26328.0,9.380735891333332,25K - 50K ($)
1757,28646.0,13.682408195,25K - 50K ($)
1758,25511.0,17.855720545,25K - 50K ($)
1759,39148.0,13.389848244249999,25K - 50K ($)
1760,39234.0,14.555589596666666,25K - 50K ($)
1761,40401.0,11.9311186752,25K - 50K ($)
1762,26176.0,13.254987352666669,25K - 50K ($)
1763,68443.0,21.35305042,50K - 75K ($)
1764,29971.0,11.447659930333334,25K - 50K ($)
1765,31676.0,8.987588487,25K - 50K ($)
1766,25067.0,11.4907432865,25K - 50K ($)
1767,30313.0,12.020010175,25K - 50K ($)
1768,62826.0,15.91582985,50K - 75K ($)
1769,72326.0,13.690851086666667,50K - 75K ($)
1770,89688.0,24.943843413333337,75K - 100K ($)
1771,67152.0,15.740933935,50K - 75K ($)
1772,91411.0,22.945409448000003,75K - 100K ($)
1773,110179.0,26.02958064333333,100K - 125K ($)
1774,105639.0,26.54531512666667,100K - 125K ($)
1775,91319.0,22.73240562,75K - 100K ($)
1776,29902.0,9.817864488333337,25K - 50K ($)
1777,29457.0,11.811106505,25K - 50K ($)
1778,29566.0,9.6039296455,25K - 50K ($)
1779,51333.0,8.0861067775,50K - 75K ($)
1780,34419.0,9.41100245,25K - 50K ($)
1781,39481.0,10.808038142249998,25K - 50K ($)
1782,34207.0,13.911540620000002,25K - 50K ($)
1783,112661.0,23.876441966666665,100K - 125K ($)
1784,33568.0,12.494643746,25K - 50K ($)
1785,46850.0,16.34881429,25K - 50K ($)
1786,15385.0,5.622581272000001,0 - 25K ($)
1787,26196.0,17.45947843,25K - 50K ($)
1788,23606.0,13.17394805,0 - 25K ($)
1789,164844.0,55.697273185,150K + ($)
1790,74511.0,5.1177196085,50K - 75K ($)
1791,110556.0,23.84057816,100K - 125K ($)
1792,49821.0,4.570510484,25K - 50K ($)
1793,58199.0,14.3375289216,50K - 75K ($)
1794,47813.0,16.23394482,25K - 50K ($)
1795,31771.0,11.116327975,25K - 50K ($)
1796,43243.0,14.63272758,25K - 50K ($)
1797,15282.0,22.840037325,0 - 25K ($)
1798,36122.0,14.954892253333332,25K - 50K ($)
1799,215560.0,35.808197076666666,150K + ($)
1800,90967.0,12.214137806666665,75K - 100K ($)
1801,90451.0,24.11302314333333,75K - 100K ($)
1802,34444.0,13.4361348,25K - 50K ($)
1803,39063.0,10.4629144735,25K - 50K ($)
1804,46066.0,13.488426800000001,25K - 50K ($)
1805,131888.0,9.4648995425,125K to 150K ($)
1806,126944.0,17.798165515,125K to 150K ($)
1807,85625.0,21.86834594333333,75K - 100K ($)
1808,100682.0,22.231079356666665,100K - 125K ($)
1809,71667.0,7.315737246,50K - 75K ($)
1810,44306.0,19.090542470000006,25K - 50K ($)
1811,61667.0,21.500359372,50K - 75K ($)
1812,81724.0,20.8868332725,75K - 100K ($)
1813,122083.0,21.844149346,100K - 125K ($)
1814,159286.0,33.82497055,150K + ($)
1815,96343.0,16.02410229,75K - 100K ($)
1816,88464.0,18.010427,75K - 100K ($)
1817,34993.0,5.2033164055,25K - 50K ($)
1818,83177.0,22.37670632,75K - 100K ($)
1819,85516.0,21.60215736,75K - 100K ($)
1820,69893.0,17.240510750000002,50K - 75K ($)
1821,124276.0,29.35126907,100K - 125K ($)
1822,68889.0,10.706336452666667,50K - 75K ($)
1823,63527.0,14.579455987249998,50K - 75K ($)
1824,102656.0,17.95852524,100K - 125K ($)
1825,80491.0,15.561786733333333,75K - 100K ($)
1826,127321.0,25.9998848375,125K to 150K ($)
1827,97377.0,16.772477576666667,75K - 100K ($)
1828,88092.0,28.125347211999998,75K - 100K ($)
1829,89813.0,23.83158179333333,75K - 100K ($)
1830,92008.0,23.357077531666665,75K - 100K ($)
1831,127561.0,25.0643039975,125K to 150K ($)
1832,82143.0,22.30586815,75K - 100K ($)
1833,69526.0,16.38325353,50K - 75K ($)
1834,41077.0,5.935379781333332,25K - 50K ($)
1835,25978.0,12.89043511,25K - 50K ($)
1836,60521.0,14.316843723333333,50K - 75K ($)
1837,56901.0,18.617267464,50K - 75K ($)
1838,61994.0,19.3149488275,50K - 75K ($)
1839,83833.0,25.917912404000006,75K - 100K ($)
1840,106612.0,15.771559680749998,100K - 125K ($)
1841,92895.0,19.154549600000003,75K - 100K ($)
1842,100909.0,14.3415591525,100K - 125K ($)
1843,74583.0,19.126788515,50K - 75K ($)
1844,69928.0,13.924833734400003,50K - 75K ($)
1845,80625.0,14.13780216,75K - 100K ($)
1846,46588.0,10.476921452333334,25K - 50K ($)
1847,47058.0,15.88351807,25K - 50K ($)
1848,165139.0,49.0562063,150K + ($)
1849,97689.0,40.361872763333345,75K - 100K ($)
1850,108519.0,36.965896018,100K - 125K ($)
1851,165921.0,42.79456292,150K + ($)
1852,127422.0,31.435726021666664,125K to 150K ($)
1853,35437.0,18.903798605,25K - 50K ($)
1854,41518.0,13.00480567,25K - 50K ($)
1855,93009.0,24.896869496666664,75K - 100K ($)
1856,90045.0,28.07826406,75K - 100K ($)
1857,29680.0,16.802049073333333,25K - 50K ($)
1858,61731.0,15.48456609,50K - 75K ($)
1859,70966.0,24.298647116666668,50K - 75K ($)
1860,59867.0,19.301638435,50K - 75K ($)
1861,118958.0,22.536680836666665,100K - 125K ($)
1862,83426.0,22.03155813,75K - 100K ($)
1863,68802.0,20.904141296666666,50K - 75K ($)
1864,62965.0,14.28912645,50K - 75K ($)
1865,120938.0,27.26794446,100K - 125K ($)
1866,81250.0,16.455791755,75K - 100K ($)
1867,207679.0,42.51941464,150K + ($)
1868,146694.0,17.440282149999998,125K to 150K ($)
1869,71888.0,19.28069184,50K - 75K ($)
1870,65588.0,14.47889921,50K - 75K ($)
1871,70824.0,24.80651505833333,50K - 75K ($)
1872,53785.0,21.163141699999997,50K - 75K ($)
1873,62955.0,22.8154378975,50K - 75K ($)
1874,33958.0,16.960007790000002,25K - 50K ($)
1875,74145.0,28.79499040333333,50K - 75K ($)
1876,65929.0,17.283498643333335,50K - 75K ($)
1877,101080.0,23.60648202666667,100K - 125K ($)
1878,59706.0,15.364448455,50K - 75K ($)
1879,67143.0,16.21203428,50K - 75K ($)
1880,52500.0,12.656763766,50K - 75K ($)
1881,53355.0,13.064243955000002,50K - 75K ($)
1882,50463.0,9.98925780066667,50K - 75K ($)
1883,59451.0,13.384194026,50K - 75K ($)
1884,64768.0,13.684457573333333,50K - 75K ($)
1885,54583.0,12.45651236,50K - 75K ($)
1886,45116.0,11.66065012,25K - 50K ($)
1887,23750.0,13.026382685,0 - 25K ($)
1888,39668.0,12.701344385,25K - 50K ($)
1889,55446.0,13.066462833333333,50K - 75K ($)
1890,48068.0,10.965662482,25K - 50K ($)
1891,33205.0,12.02693476,25K - 50K ($)
1892,53292.0,15.801135976666664,50K - 75K ($)
1893,59779.0,14.236337335999998,50K - 75K ($)
1894,67049.0,12.943585084,50K - 75K ($)
1895,59736.0,15.513931053333332,50K - 75K ($)
1896,56176.0,16.362705353333336,50K - 75K ($)
1897,93594.0,24.243185066666666,75K - 100K ($)
1898,55813.0,12.967081165,50K - 75K ($)
1899,48706.0,11.29855703,25K - 50K ($)
1900,52917.0,10.4311614505,50K - 75K ($)
1901,35855.0,10.774756997,25K - 50K ($)
1902,89890.0,17.852682546666667,75K - 100K ($)
1903,186000.0,45.85490196,150K + ($)
1904,81552.0,14.809232595,75K - 100K ($)
1905,56605.0,32.572005825,50K - 75K ($)
1906,52120.0,14.65352229,50K - 75K ($)
1907,42470.0,13.142595373333334,25K - 50K ($)
1908,30893.0,17.017683025,25K - 50K ($)
1909,39009.0,13.497224965,25K - 50K ($)
1910,57031.0,28.46469328,50K - 75K ($)
1911,54290.0,12.422126908333334,50K - 75K ($)
1912,58279.0,10.258958879,50K - 75K ($)
1913,102944.0,22.73782948,100K - 125K ($)
1914,40370.0,15.495656123333333,25K - 50K ($)
1915,69688.0,17.48781683,50K - 75K ($)
1916,35000.0,10.252207846000001,25K - 50K ($)
1917,31974.0,10.350912890750001,25K - 50K ($)
1918,33411.0,8.154751340999999,25K - 50K ($)
1919,63802.0,15.78738322,50K - 75K ($)
1920,97321.0,17.37295836,75K - 100K ($)
1921,58605.0,17.103582085,50K - 75K ($)
1922,60245.0,12.994779355,50K - 75K ($)
1923,105573.0,19.03976886,100K - 125K ($)
1924,38125.0,20.496772295,25K - 50K ($)
1925,57022.0,15.876471213333332,50K - 75K ($)
1926,44013.0,19.61945239,25K - 50K ($)
1927,70841.0,21.718023445,50K - 75K ($)
1928,37240.0,22.563449405,25K - 50K ($)
1929,68317.0,25.68804447333333,50K - 75K ($)
1930,44722.0,9.832573667,25K - 50K ($)
1931,50446.0,20.19406571,50K - 75K ($)
1932,75750.0,12.685599451999998,75K - 100K ($)
1933,46611.0,16.441580743333333,25K - 50K ($)
1934,136300.0,25.918843155,125K to 150K ($)
1935,34226.0,17.458837155,25K - 50K ($)
1936,35334.0,9.100639382999999,25K - 50K ($)
1937,61368.0,10.66665926,50K - 75K ($)
1938,48177.0,11.0213854,25K - 50K ($)
1939,74215.0,17.55915495,50K - 75K ($)
1940,65322.0,14.363005091666665,50K - 75K ($)
1941,31349.0,13.40472251,25K - 50K ($)
1942,39688.0,13.539347533333334,25K - 50K ($)
1943,62981.0,14.3299599265,50K - 75K ($)
1944,54676.0,14.730897605,50K - 75K ($)
1945,87283.0,19.754603585,75K - 100K ($)
1946,43371.0,21.359275376666673,25K - 50K ($)
1947,44764.0,18.41556692,25K - 50K ($)
1948,35625.0,16.75308643,25K - 50K ($)
1949,48906.0,20.82624053,25K - 50K ($)
1950,58875.0,15.674236096666668,50K - 75K ($)
1951,26306.0,12.685240633,25K - 50K ($)
1952,34665.0,10.448000369333334,25K - 50K ($)
1953,44239.0,13.149381066666665,25K - 50K ($)
1954,37962.0,12.423523015,25K - 50K ($)
1955,61042.0,20.74262945,50K - 75K ($)
1956,29173.0,11.743555629999998,25K - 50K ($)
1957,31154.0,13.408528599999999,25K - 50K ($)
1958,69958.0,13.12769347,50K - 75K ($)
1959,52344.0,10.325097599,50K - 75K ($)
1960,118438.0,3.2241329445,100K - 125K ($)
1961,36975.0,15.682379945,25K - 50K ($)
1962,45192.0,12.053825235,25K - 50K ($)
1963,42364.0,11.17410082,25K - 50K ($)
1964,36709.0,14.33707644,25K - 50K ($)
1965,37092.0,12.338833643333333,25K - 50K ($)
1966,86375.0,20.752584915,75K - 100K ($)
1967,123889.0,24.316004595,100K - 125K ($)
1968,75434.0,15.31523043,75K - 100K ($)
1969,35357.0,10.04994526,25K - 50K ($)
1970,83975.0,20.564845806666668,75K - 100K ($)
1971,73531.0,12.416035249500004,50K - 75K ($)
1972,76861.0,13.711941272857144,75K - 100K ($)
1973,44095.0,11.225043839000001,25K - 50K ($)
1974,42326.0,11.621775066666665,25K - 50K ($)
1975,38464.0,13.72604618,25K - 50K ($)
1976,50326.0,12.052741105,50K - 75K ($)
1977,41111.0,14.31368179,25K - 50K ($)
1978,31026.0,14.2129903925,25K - 50K ($)
1979,47900.0,15.647170896333337,25K - 50K ($)
1980,35725.0,15.48130204,25K - 50K ($)
1981,39632.0,8.535148589,25K - 50K ($)
1982,50458.0,16.07745719,50K - 75K ($)
1983,45071.0,10.29888334,25K - 50K ($)
1984,41037.0,11.699514147333332,25K - 50K ($)
1985,115675.0,21.829601055,100K - 125K ($)
1986,39598.0,12.704629190999999,25K - 50K ($)
1987,84391.0,19.558071573333333,75K - 100K ($)
1988,37176.0,12.30081715,25K - 50K ($)
1989,48109.0,9.959625895,25K - 50K ($)
1990,74936.0,24.95030115666667,50K - 75K ($)
1991,39421.0,9.910901772333332,25K - 50K ($)
1992,147292.0,33.62424715,125K to 150K ($)
1993,62296.0,12.4703643674,50K - 75K ($)
1994,128087.0,30.46491112,125K to 150K ($)
1995,76607.0,15.604884524222221,75K - 100K ($)
1996,47747.0,10.093186851,25K - 50K ($)
1997,49445.0,7.834917639333332,25K - 50K ($)
1998,108500.0,29.32296626666667,100K - 125K ($)
1999,48056.0,7.342223863666668,25K - 50K ($)
2000,89128.0,21.49659747333333,75K - 100K ($)
2001,94279.0,22.77849928,75K - 100K ($)
2002,41474.0,10.053649707749999,25K - 50K ($)
2003,105025.0,25.833640556666666,100K - 125K ($)
2004,42163.0,12.9199783,25K - 50K ($)
2005,38804.0,10.836632316666664,25K - 50K ($)
2006,36676.0,10.781011276500001,25K - 50K ($)
2007,48511.0,8.914714487333333,25K - 50K ($)
2008,42632.0,10.74552324,25K - 50K ($)
2009,58080.0,14.029050676666666,50K - 75K ($)
2010,37862.0,8.39770153175,25K - 50K ($)
2011,41830.0,19.63730048,25K - 50K ($)
2012,39119.0,12.7307529275,25K - 50K ($)
2013,48995.0,10.892915453333336,25K - 50K ($)
2014,176613.0,9.1305275655,150K + ($)
2015,32160.0,9.66387195,25K - 50K ($)
2016,50850.0,12.70007391,50K - 75K ($)
2017,38955.0,13.0326791175,25K - 50K ($)
2018,83210.0,8.586565398,75K - 100K ($)
2019,38497.0,11.669701033333332,25K - 50K ($)
2020,84882.0,7.3126744924999985,75K - 100K ($)
2021,40164.0,10.4954531615,25K - 50K ($)
2022,35638.0,15.030482766666665,25K - 50K ($)
2023,36678.0,12.492717872333335,25K - 50K ($)
2024,30096.0,9.2965729235,25K - 50K ($)
2025,22948.0,11.2179836105,0 - 25K ($)
2026,45093.0,10.66259988,25K - 50K ($)
2027,24684.0,10.8202703195,0 - 25K ($)
2028,29199.0,8.1603884985,25K - 50K ($)
2029,25755.0,15.023984287333336,25K - 50K ($)
2030,43680.0,18.061853103333334,25K - 50K ($)
2031,30151.0,12.695662065,25K - 50K ($)
2032,50350.0,14.778527461333333,50K - 75K ($)
2033,30923.0,12.313907316666667,25K - 50K ($)
2034,42131.0,11.403385225333333,25K - 50K ($)
2035,36468.0,12.12693928,25K - 50K ($)
2036,36143.0,11.488044355,25K - 50K ($)
2037,42539.0,14.80694519,25K - 50K ($)
2038,50185.0,16.221549355,50K - 75K ($)
2039,53704.0,14.292618035,50K - 75K ($)
2040,53299.0,10.197381415,50K - 75K ($)
2041,41559.0,11.09032071233333,25K - 50K ($)
2042,38478.0,11.063451085999999,25K - 50K ($)
2043,44583.0,17.992113305,25K - 50K ($)
2044,66083.0,14.5924600475,50K - 75K ($)
2045,28036.0,10.20468619,25K - 50K ($)
2046,54538.0,13.485360143333333,50K - 75K ($)
2047,24815.0,13.866917145,0 - 25K ($)
2048,45556.0,11.49776344,25K - 50K ($)
2049,54875.0,10.815178984333334,50K - 75K ($)
2050,85905.0,14.159857646666666,75K - 100K ($)
2051,90547.0,28.88753516,75K - 100K ($)
2052,97326.0,20.09138029,75K - 100K ($)
2053,103681.0,19.131020345,100K - 125K ($)
2054,99375.0,16.16868522333333,75K - 100K ($)
2055,118636.0,21.33027419,100K - 125K ($)
2056,76042.0,15.631201886666668,75K - 100K ($)
2057,99952.0,19.064036673333334,75K - 100K ($)
2058,57935.0,11.99457397,50K - 75K ($)
2059,68941.0,11.4001977,50K - 75K ($)
2060,114432.0,16.58904974,100K - 125K ($)
2061,101388.0,14.2803158375,100K - 125K ($)
2062,138068.0,14.259150594000001,125K to 150K ($)
2063,156321.0,22.0304784025,150K + ($)
2064,196250.0,21.219445763333336,150K + ($)
2065,101500.0,2.828831774,100K - 125K ($)
2066,156583.0,13.56350057,150K + ($)
2067,44938.0,9.929427203,25K - 50K ($)
2068,46429.0,6.536615254,25K - 50K ($)
2069,39516.0,8.575265339666666,25K - 50K ($)
2070,44706.0,8.847241497,25K - 50K ($)
2071,40703.0,10.880611829666668,25K - 50K ($)
2072,132188.0,14.687287699999995,125K to 150K ($)
2073,55761.0,8.063803109,50K - 75K ($)
2074,48571.0,8.057388870666665,25K - 50K ($)
2075,56101.0,7.8482447923999965,50K - 75K ($)
2076,43095.0,12.640287987999999,25K - 50K ($)
2077,41896.0,16.169629395999998,25K - 50K ($)
2078,32917.0,10.369206492,25K - 50K ($)
2079,35815.0,15.1335731,25K - 50K ($)
2080,56358.0,11.902073809000001,50K - 75K ($)
2081,67442.0,15.2138708575,50K - 75K ($)
2082,69246.0,12.96022147,50K - 75K ($)
2083,43654.0,12.454264145,25K - 50K ($)
2084,83844.0,13.073608325,75K - 100K ($)
2085,67313.0,12.79975409,50K - 75K ($)
2086,112569.0,18.04054294,100K - 125K ($)
2087,37209.0,15.251870436666666,25K - 50K ($)
2088,38545.0,11.46366561,25K - 50K ($)
2089,88359.0,20.179175093333328,75K - 100K ($)
2090,121891.0,14.981481272000003,100K - 125K ($)
2091,80461.0,21.205526156666668,75K - 100K ($)
2092,84839.0,13.788354516666667,75K - 100K ($)
2093,93048.0,14.5143199125,75K - 100K ($)
2094,83390.0,11.67733359675,75K - 100K ($)
2095,43889.0,10.5763615585,25K - 50K ($)
2096,25313.0,8.909303638666666,25K - 50K ($)
2097,43702.0,8.268892862000001,25K - 50K ($)
2098,24550.0,9.3971511305,0 - 25K ($)
2099,33125.0,12.436945365,25K - 50K ($)
2100,38191.0,10.3759506485,25K - 50K ($)
2101,36719.0,16.16814424,25K - 50K ($)
2102,32271.0,11.404909112,25K - 50K ($)
2103,140577.0,16.686551626666667,125K to 150K ($)
2104,48682.0,13.253332403000002,25K - 50K ($)
2105,84383.0,13.834275409999998,75K - 100K ($)
2106,66705.0,6.835339601,50K - 75K ($)
2107,91076.0,20.427871936,75K - 100K ($)
2108,84350.0,13.8403258,75K - 100K ($)
2109,63974.0,16.114959508,50K - 75K ($)
2110,42745.0,10.6654295155,25K - 50K ($)
2111,59872.0,17.73338108,50K - 75K ($)
2112,36006.0,15.930870675,25K - 50K ($)
2113,39281.0,18.241368195,25K - 50K ($)
2114,93160.0,11.016355412000001,75K - 100K ($)
2115,62303.0,13.03442827,50K - 75K ($)
2116,137159.0,21.619594848000002,125K to 150K ($)
2117,82849.0,12.46331376,75K - 100K ($)
2118,51114.0,13.633851313333333,50K - 75K ($)
2119,38972.0,11.290204334333332,25K - 50K ($)
2120,38319.0,12.62934202,25K - 50K ($)
2121,124830.0,25.50461049333333,100K - 125K ($)
2122,92174.0,10.70010699,75K - 100K ($)
2123,88192.0,25.221520246,75K - 100K ($)
2124,119137.0,23.31559693666667,100K - 125K ($)
2125,37687.0,15.931589395,25K - 50K ($)
2126,31099.0,9.152153334,25K - 50K ($)
2127,31215.0,11.48384389,25K - 50K ($)
2128,41295.0,19.05709212,25K - 50K ($)
2129,28900.0,9.253312207999999,25K - 50K ($)
2130,82208.0,20.280365385,75K - 100K ($)
2131,33116.0,10.6212509325,25K - 50K ($)
2132,34475.0,10.542106506,25K - 50K ($)
2133,54776.0,15.04221882,50K - 75K ($)
2134,52285.0,13.5195527025,50K - 75K ($)
2135,98795.0,8.200833692666668,75K - 100K ($)
2136,79231.0,35.135405326666664,75K - 100K ($)
2137,112188.0,33.19414701333333,100K - 125K ($)
2138,37938.0,11.98639449,25K - 50K ($)
2139,98359.0,33.312516368000004,75K - 100K ($)
2140,32222.0,10.0364753374,25K - 50K ($)
2141,87083.0,34.63211398333333,75K - 100K ($)
2142,40023.0,10.38594252,25K - 50K ($)
2143,31190.0,11.87431291,25K - 50K ($)
2144,43092.0,8.4362614775,25K - 50K ($)
2145,25732.0,13.36087137,25K - 50K ($)
2146,52401.0,11.510885301499998,50K - 75K ($)
2147,32182.0,10.8174771305,25K - 50K ($)
2148,10262.0,5.914904502000001,0 - 25K ($)
2149,75780.0,12.76264087,75K - 100K ($)
2150,18433.0,9.4679395675,0 - 25K ($)
2151,32413.0,8.7607743935,25K - 50K ($)
2152,23521.0,9.9216140945,0 - 25K ($)
2153,32234.0,11.543025983666663,25K - 50K ($)
2154,46563.0,8.7996795635,25K - 50K ($)
2155,69475.0,37.10673138666667,50K - 75K ($)
2156,123500.0,47.68774370666667,100K - 125K ($)
2157,55391.0,17.345242175,50K - 75K ($)
2158,55208.0,25.04587516333333,50K - 75K ($)
2159,71107.0,14.575532206666665,50K - 75K ($)
2160,90968.0,38.52484790333333,75K - 100K ($)
2161,50500.0,20.330050075000006,50K - 75K ($)
2162,146458.0,41.356590365,125K to 150K ($)
2163,52076.0,12.4982053,50K - 75K ($)
2164,48594.0,19.481064115,25K - 50K ($)
2165,32465.0,18.91895053,25K - 50K ($)
2166,38768.0,12.71163551,25K - 50K ($)
2167,40917.0,10.45389711,25K - 50K ($)
2168,33942.0,12.99157377,25K - 50K ($)
2169,84048.0,21.44595150142857,75K - 100K ($)
2170,159826.0,25.20565706,150K + ($)
2171,59514.0,14.1850180104,50K - 75K ($)
2172,51339.0,7.409663733333333,50K - 75K ($)
2173,27927.0,15.295446123333333,25K - 50K ($)
2174,33974.0,17.68977142,25K - 50K ($)
2175,38607.0,10.81930877,25K - 50K ($)
2176,44516.0,11.32729684,25K - 50K ($)
2177,55203.0,18.222939908333334,50K - 75K ($)
2178,42056.0,12.234530778666668,25K - 50K ($)
2179,208482.0,41.01590527,150K + ($)
2180,136250.0,31.826684035,125K to 150K ($)
